Source,Target,Weight,Type
achleitner_bergrichters_1900_de,achleitner_celsissimus_1901_de,118,undirected
achleitner_bergrichters_1900_de,achleitner_tann_1897_de,83,undirected
achleitner_bergrichters_1900_de,eschstruth_katz_1886_de,4,undirected
achleitner_bergrichters_1900_de,heiberg_charaktere_1901_de,3,undirected
achleitner_bergrichters_1900_de,heiberg_grevinde_1898_de,10,undirected
achleitner_bergrichters_1900_de,kafka_kuebelreiter_1917_de,5,undirected
achleitner_bergrichters_1900_de,lasswitz_planeten01_1897_de,1,undirected
achleitner_bergrichters_1900_de,lasswitz_seife_1890_de,8,undirected
achleitner_celsissimus_1901_de,achleitner_bergrichters_1900_de,118,undirected
achleitner_celsissimus_1901_de,achleitner_tann_1897_de,79,undirected
achleitner_celsissimus_1901_de,eschstruth_katz_1886_de,34,undirected
achleitner_celsissimus_1901_de,hoffmann_nacht_1817_de,4,undirected
achleitner_celsissimus_1901_de,hoffmann_zaches_1819_de,7,undirected
achleitner_celsissimus_1901_de,lasswitz_planeten02_1897_de,8,undirected
achleitner_celsissimus_1901_de,meyer_pescara_1887_de,4,undirected
achleitner_tann_1897_de,achleitner_bergrichters_1900_de,83,undirected
achleitner_tann_1897_de,achleitner_celsissimus_1901_de,79,undirected
achleitner_tann_1897_de,eschstruth_katz_1886_de,100,undirected
achleitner_tann_1897_de,kafka_kuebelreiter_1917_de,49,undirected
achleitner_tann_1897_de,raabe_odfeld_1889_de,20,undirected
achleitner_tann_1897_de,schubin_etiquette_1887_de,28,undirected
akunian_bittersuess_1891_de,akunian_fluegel_1895_de,118,undirected
akunian_bittersuess_1891_de,dickens_twist_1838_en,21,undirected
akunian_bittersuess_1891_de,eschstruth_katz_1886_de,12,undirected
akunian_bittersuess_1891_de,falke_nebel_1899_de,7,undirected
akunian_bittersuess_1891_de,hesse_knulp_1915_de,50,undirected
akunian_bittersuess_1891_de,holz_hamlet_1889_de,6,undirected
akunian_bittersuess_1891_de,keyserling_beatemareile_1903_de,4,undirected
akunian_bittersuess_1891_de,sapper_dummerle_1905_de,8,undirected
akunian_bittersuess_1891_de,schnitzler_tanzerin_1905_de,15,undirected
akunian_bittersuess_1891_de,storm_riew_1885_de,23,undirected
akunian_fluegel_1895_de,akunian_bittersuess_1891_de,118,undirected
akunian_fluegel_1895_de,andreas_fenitschka_1898_de,60,undirected
akunian_fluegel_1895_de,bierbaum_stilpe_1897_de,4,undirected
akunian_fluegel_1895_de,bonsels_maja_1912_de,1,undirected
akunian_fluegel_1895_de,conradi_adam_1889_de,49,undirected
akunian_fluegel_1895_de,dostoevskij_verbrechen_1882_ru,4,undirected
akunian_fluegel_1895_de,falke_durchschnitt_1892_de,4,undirected
akunian_fluegel_1895_de,falke_nebel_1899_de,14,undirected
akunian_fluegel_1895_de,fontane_briest_1896_de,37,undirected
akunian_fluegel_1895_de,fontane_irrungen_1888_de,9,undirected
akunian_fluegel_1895_de,hesse_knulp_1915_de,3,undirected
akunian_fluegel_1895_de,holz_hamlet_1889_de,7,undirected
akunian_fluegel_1895_de,sapper_dummerle_1905_de,1,undirected
akunian_fluegel_1895_de,sapper_vater_1915_de,1,undirected
akunian_fluegel_1895_de,schnitzler_else_1924_de,54,undirected
akunian_fluegel_1895_de,sturza_geluebde_1905_de,14,undirected
akunian_fluegel_1895_de,walser_jakob_1909_de,8,undirected
altenberg_prodromos_1906_de,brodkafka_samuel_1912_de,6,undirected
altenberg_prodromos_1906_de,dery_liebe_1896_de,50,undirected
altenberg_prodromos_1906_de,einstein_bebuquin_1912_de,58,undirected
altenberg_prodromos_1906_de,goethe_werther_1787_de,14,undirected
altenberg_prodromos_1906_de,lasswitz_seife_1890_de,43,undirected
altenberg_prodromos_1906_de,schubin_etiquette_1887_de,1,undirected
altenberg_prodromos_1906_de,sturza_geluebde_1905_de,61,undirected
altenberg_prodromos_1906_de,walser_jakob_1909_de,3,undirected
andreas_fenitschka_1898_de,akunian_fluegel_1895_de,60,undirected
andreas_fenitschka_1898_de,bonsels_maja_1912_de,2,undirected
andreas_fenitschka_1898_de,brod_stunde_1916_de,4,undirected
andreas_fenitschka_1898_de,conradi_adam_1889_de,40,undirected
andreas_fenitschka_1898_de,dickens_copperfield_1850_en,6,undirected
andreas_fenitschka_1898_de,dostoevskij_idiot_1889_ru,2,undirected
andreas_fenitschka_1898_de,falke_nebel_1899_de,1,undirected
andreas_fenitschka_1898_de,reventlow_dames_1913_de,12,undirected
andreas_fenitschka_1898_de,schubin_vollmondzauber01_1899_de,9,undirected
andreas_fenitschka_1898_de,sturza_geluebde_1905_de,3,undirected
andreas_fenitschka_1898_de,tolstoy_romanehe_1921_ru,10,undirected
andreas_fenitschka_1898_de,walser_jakob_1909_de,3,undirected
bierbaum_stilpe_1897_de,akunian_fluegel_1895_de,4,undirected
bierbaum_stilpe_1897_de,brod_beer_1912_de,11,undirected
bierbaum_stilpe_1897_de,conradi_adam_1889_de,27,undirected
bierbaum_stilpe_1897_de,fontane_briest_1896_de,10,undirected
bierbaum_stilpe_1897_de,fontane_stechlin_1899_de,60,undirected
bierbaum_stilpe_1897_de,schnitzler_else_1924_de,34,undirected
bierbaum_stilpe_1897_de,walser_jakob_1909_de,12,undirected
bonsels_himmelsvolk_1915_de,bonsels_indien_1916_de,97,undirected
bonsels_himmelsvolk_1915_de,bonsels_maja_1912_de,119,undirected
bonsels_himmelsvolk_1915_de,dery_liebe_1896_de,5,undirected
bonsels_himmelsvolk_1915_de,einstein_bebuquin_1912_de,1,undirected
bonsels_himmelsvolk_1915_de,flaubert_november_1842_fra,3,undirected
bonsels_himmelsvolk_1915_de,goethe_werther_1787_de,2,undirected
bonsels_himmelsvolk_1915_de,hoffmann_topf_1819_de,2,undirected
bonsels_himmelsvolk_1915_de,lasswitz_seife_1890_de,1,undirected
bonsels_himmelsvolk_1915_de,stifter_studienhaidedorf_1840_de,1,undirected
bonsels_himmelsvolk_1915_de,walser_kleine_1914_de,12,undirected
bonsels_himmelsvolk_1915_de,wassermann_spiegel_1911_de,1,undirected
bonsels_indien_1916_de,bonsels_himmelsvolk_1915_de,97,undirected
bonsels_indien_1916_de,bonsels_maja_1912_de,53,undirected
bonsels_indien_1916_de,flaubert_november_1842_fra,27,undirected
bonsels_indien_1916_de,grillparzer_spielmann_1847_de,1,undirected
bonsels_indien_1916_de,hagenauer_muspilli_1900_de,42,undirected
bonsels_indien_1916_de,keller_sinngedicht_1882_de,3,undirected
bonsels_indien_1916_de,mann_venedig_1913_de,21,undirected
bonsels_indien_1916_de,wassermann_spiegel_1911_de,24,undirected
bonsels_maja_1912_de,akunian_fluegel_1895_de,1,undirected
bonsels_maja_1912_de,andreas_fenitschka_1898_de,2,undirected
bonsels_maja_1912_de,bonsels_himmelsvolk_1915_de,119,undirected
bonsels_maja_1912_de,bonsels_indien_1916_de,53,undirected
bonsels_maja_1912_de,keyserling_beatemareile_1903_de,32,undirected
bonsels_maja_1912_de,mann_tristan_1903_de,2,undirected
bonsels_maja_1912_de,musil_haus_1908_de,1,undirected
bonsels_maja_1912_de,preuschen_yoshiwara_1920_de,1,undirected
bonsels_maja_1912_de,sapper_dummerle_1905_de,2,undirected
brod_beer_1912_de,bierbaum_stilpe_1897_de,11,undirected
brod_beer_1912_de,hesse_rad_1906_de,39,undirected
brod_beer_1912_de,kafka_verwandlung_1915_de,14,undirected
brod_beer_1912_de,musil_mann1_1930_de,1,undirected
brod_beer_1912_de,musil_toerless_1906_de,58,undirected
brod_beer_1912_de,polenz_buettnerbauer_1895_de,3,undirected
brod_beer_1912_de,schnitzler_traumnovelle_1926_de,3,undirected
brod_stunde_1916_de,andreas_fenitschka_1898_de,4,undirected
brod_stunde_1916_de,brodkafka_samuel_1912_de,4,undirected
brod_stunde_1916_de,dostoevskij_idiot_1889_ru,19,undirected
brod_stunde_1916_de,einstein_bebuquin_1912_de,4,undirected
brod_stunde_1916_de,kafka_bau_1928_de,3,undirected
brod_stunde_1916_de,kafka_hungerkünstler_1924_de,17,undirected
brod_stunde_1916_de,lasswitz_seife_1890_de,3,undirected
brod_stunde_1916_de,musil_mann1_1930_de,12,undirected
brod_stunde_1916_de,musil_mann2_1930_de,3,undirected
brod_stunde_1916_de,musil_mann3_1930_de,52,undirected
brod_stunde_1916_de,walser_jakob_1909_de,6,undirected
brodkafka_samuel_1912_de,altenberg_prodromos_1906_de,6,undirected
brodkafka_samuel_1912_de,brod_stunde_1916_de,4,undirected
brodkafka_samuel_1912_de,goethe_italienische_1786_de,14,undirected
brodkafka_samuel_1912_de,kafka_bau_1928_de,32,undirected
brodkafka_samuel_1912_de,kafka_betrachtung_1912_de,12,undirected
brodkafka_samuel_1912_de,kafka_hungerkünstler_1924_de,18,undirected
brodkafka_samuel_1912_de,kafka_landarzt_1920_de,47,undirected
brodkafka_samuel_1912_de,kafka_prozess_1925_de,8,undirected
conradi_adam_1889_de,akunian_fluegel_1895_de,49,undirected
conradi_adam_1889_de,andreas_fenitschka_1898_de,40,undirected
conradi_adam_1889_de,bierbaum_stilpe_1897_de,27,undirected
conradi_adam_1889_de,falke_nebel_1899_de,15,undirected
conradi_adam_1889_de,hagenauer_muspilli_1900_de,31,undirected
conradi_adam_1889_de,holz_hamlet_1889_de,5,undirected
conradi_adam_1889_de,musil_toerless_1906_de,1,undirected
conradi_adam_1889_de,reventlow_dames_1913_de,15,undirected
conradi_adam_1889_de,walser_jakob_1909_de,13,undirected
dery_liebe_1896_de,altenberg_prodromos_1906_de,50,undirected
dery_liebe_1896_de,bonsels_himmelsvolk_1915_de,5,undirected
dery_liebe_1896_de,einstein_bebuquin_1912_de,3,undirected
dery_liebe_1896_de,eschstruth_katz_1886_de,65,undirected
dery_liebe_1896_de,goethe_werther_1787_de,6,undirected
dery_liebe_1896_de,kafka_kuebelreiter_1917_de,2,undirected
dery_liebe_1896_de,lasswitz_seife_1890_de,1,undirected
dery_liebe_1896_de,walser_jakob_1909_de,12,undirected
dery_liebe_1896_de,walser_kleine_1914_de,27,undirected
dickens_copperfield_1850_en,andreas_fenitschka_1898_de,6,undirected
dickens_copperfield_1850_en,dickens_twist_1838_en,90,undirected
dickens_copperfield_1850_en,dickens_weihnachts_1843_en,50,undirected
dickens_copperfield_1850_en,dickens_zweist_1859_en,101,undirected
dickens_copperfield_1850_en,flaubert_november_1842_fra,3,undirected
dickens_copperfield_1850_en,goethe_werther_1787_de,15,undirected
dickens_copperfield_1850_en,grillparzer_spielmann_1847_de,1,undirected
dickens_copperfield_1850_en,hagenauer_muspilli_1900_de,3,undirected
dickens_copperfield_1850_en,stifter_nachsommer_1857_de,1,undirected
dickens_copperfield_1850_en,sturza_geluebde_1905_de,8,undirected
dickens_copperfield_1850_en,tolstoy_romanehe_1921_ru,31,undirected
dickens_twist_1838_en,akunian_bittersuess_1891_de,21,undirected
dickens_twist_1838_en,dickens_copperfield_1850_en,90,undirected
dickens_twist_1838_en,dickens_weihnachts_1843_en,16,undirected
dickens_twist_1838_en,dickens_zweist_1859_en,39,undirected
dickens_twist_1838_en,hamsun_weiber_1922_sca,14,undirected
dickens_twist_1838_en,hesse_knulp_1915_de,1,undirected
dickens_twist_1838_en,schreiner_halket_1898_de,6,undirected
dickens_twist_1838_en,wassermann_moloch_1902_de,6,undirected
dickens_weihnachts_1843_en,dickens_copperfield_1850_en,50,undirected
dickens_weihnachts_1843_en,dickens_twist_1838_en,16,undirected
dickens_weihnachts_1843_en,dickens_zweist_1859_en,112,undirected
dickens_weihnachts_1843_en,flaubert_schule_1870_fra,1,undirected
dickens_weihnachts_1843_en,schreiner_halket_1898_de,2,undirected
dickens_weihnachts_1843_en,tolstoy_anna_1920_ru,1,undirected
dickens_weihnachts_1843_en,wassermann_moloch_1902_de,2,undirected
dickens_zweist_1859_en,dickens_copperfield_1850_en,101,undirected
dickens_zweist_1859_en,dickens_twist_1838_en,39,undirected
dickens_zweist_1859_en,dickens_weihnachts_1843_en,112,undirected
dickens_zweist_1859_en,flaubert_schule_1870_fra,3,undirected
dickens_zweist_1859_en,kretzer_timpe_1888_de,1,undirected
dickens_zweist_1859_en,meissner_prinzessin_1882_de,21,undirected
dickens_zweist_1859_en,schnitzler_casanova_1918_de,1,undirected
doeblin_butterblume_1913_de,flaubert_bovary_1857_fra,19,undirected
doeblin_butterblume_1913_de,flaubert_legende_1877_fra,25,undirected
doeblin_butterblume_1913_de,flaubert_leidenschaft_1839_fra,4,undirected
doeblin_butterblume_1913_de,flaubert_salambo_1863_fra,54,undirected
doeblin_butterblume_1913_de,flaubert_schlichtes_1877_fra,13,undirected
doeblin_butterblume_1913_de,hauptmann_bahnwaerter_1892_de,4,undirected
doeblin_butterblume_1913_de,keyserling_beatemareile_1903_de,58,undirected
doeblin_butterblume_1913_de,schubin_vollmondzauber02_1899_de,20,undirected
doeblin_butterblume_1913_de,wassermann_moloch_1902_de,54,undirected
doeblin_butterblume_1913_de,wassermann_vierzig_1913_de,1,undirected
dostoevskij_idiot_1889_ru,andreas_fenitschka_1898_de,2,undirected
dostoevskij_idiot_1889_ru,brod_stunde_1916_de,19,undirected
dostoevskij_idiot_1889_ru,dostoevskij_verbrechen_1882_ru,120,undirected
dostoevskij_idiot_1889_ru,heiberg_charaktere_1901_de,2,undirected
dostoevskij_idiot_1889_ru,kafka_prozess_1925_de,4,undirected
dostoevskij_idiot_1889_ru,kafka_schloss_1925_de,9,undirected
dostoevskij_idiot_1889_ru,musil_mann2_1930_de,26,undirected
dostoevskij_idiot_1889_ru,musil_mann3_1930_de,13,undirected
dostoevskij_idiot_1889_ru,reventlow_dames_1913_de,21,undirected
dostoevskij_idiot_1889_ru,tolstoy_anna_1920_ru,30,undirected
dostoevskij_verbrechen_1882_ru,akunian_fluegel_1895_de,4,undirected
dostoevskij_verbrechen_1882_ru,dostoevskij_idiot_1889_ru,120,undirected
dostoevskij_verbrechen_1882_ru,kafka_betrachtung_1912_de,1,undirected
dostoevskij_verbrechen_1882_ru,kafka_schloss_1925_de,14,undirected
dostoevskij_verbrechen_1882_ru,reventlow_dames_1913_de,19,undirected
dostoevskij_verbrechen_1882_ru,schnitzler_else_1924_de,1,undirected
dostoevskij_verbrechen_1882_ru,schnitzler_tanzerin_1905_de,4,undirected
dostoevskij_verbrechen_1882_ru,tolstoy_anna_1920_ru,25,undirected
dostoevskij_verbrechen_1882_ru,tolstoy_romanehe_1921_ru,88,undirected
einstein_bebuquin_1912_de,altenberg_prodromos_1906_de,58,undirected
einstein_bebuquin_1912_de,bonsels_himmelsvolk_1915_de,1,undirected
einstein_bebuquin_1912_de,brod_stunde_1916_de,4,undirected
einstein_bebuquin_1912_de,dery_liebe_1896_de,3,undirected
einstein_bebuquin_1912_de,hagenauer_muspilli_1900_de,8,undirected
einstein_bebuquin_1912_de,lasswitz_seife_1890_de,18,undirected
einstein_bebuquin_1912_de,walser_jakob_1909_de,16,undirected
einstein_bebuquin_1912_de,walser_kleine_1914_de,7,undirected
einstein_bebuquin_1912_de,wassermann_spiegel_1911_de,27,undirected
eschstruth_katz_1886_de,achleitner_bergrichters_1900_de,4,undirected
eschstruth_katz_1886_de,achleitner_celsissimus_1901_de,34,undirected
eschstruth_katz_1886_de,achleitner_tann_1897_de,100,undirected
eschstruth_katz_1886_de,akunian_bittersuess_1891_de,12,undirected
eschstruth_katz_1886_de,dery_liebe_1896_de,65,undirected
eschstruth_katz_1886_de,hoffmann_nacht_1817_de,2,undirected
eschstruth_katz_1886_de,hoffmann_topf_1819_de,19,undirected
eschstruth_katz_1886_de,hoffmann_zaches_1819_de,13,undirected
eschstruth_katz_1886_de,kafka_kuebelreiter_1917_de,38,undirected
eschstruth_katz_1886_de,meissner_prinzessin_1882_de,1,undirected
eschstruth_katz_1886_de,meyer_richterin_1885_de,9,undirected
eschstruth_katz_1886_de,schubin_etiquette_1887_de,35,undirected
falke_durchschnitt_1892_de,akunian_fluegel_1895_de,4,undirected
falke_durchschnitt_1892_de,falke_nebel_1899_de,31,undirected
falke_durchschnitt_1892_de,flaubert_bovary_1857_fra,20,undirected
falke_durchschnitt_1892_de,flaubert_schlichtes_1877_fra,36,undirected
falke_durchschnitt_1892_de,kafka_verwandlung_1915_de,1,undirected
falke_durchschnitt_1892_de,polenz_buettnerbauer_1895_de,69,undirected
falke_durchschnitt_1892_de,preuschen_yoshiwara_1920_de,18,undirected
falke_durchschnitt_1892_de,schubin_vollmondzauber01_1899_de,1,undirected
falke_nebel_1899_de,akunian_bittersuess_1891_de,7,undirected
falke_nebel_1899_de,akunian_fluegel_1895_de,14,undirected
falke_nebel_1899_de,andreas_fenitschka_1898_de,1,undirected
falke_nebel_1899_de,conradi_adam_1889_de,15,undirected
falke_nebel_1899_de,falke_durchschnitt_1892_de,31,undirected
falke_nebel_1899_de,holz_hamlet_1889_de,83,undirected
falke_nebel_1899_de,keyserling_beatemareile_1903_de,18,undirected
falke_nebel_1899_de,musil_haus_1908_de,1,undirected
flaubert_bovary_1857_fra,doeblin_butterblume_1913_de,19,undirected
flaubert_bovary_1857_fra,falke_durchschnitt_1892_de,20,undirected
flaubert_bovary_1857_fra,flaubert_legende_1877_fra,1,undirected
flaubert_bovary_1857_fra,flaubert_leidenschaft_1839_fra,27,undirected
flaubert_bovary_1857_fra,flaubert_salambo_1863_fra,39,undirected
flaubert_bovary_1857_fra,flaubert_schlichtes_1877_fra,75,undirected
flaubert_bovary_1857_fra,flaubert_schule_1870_fra,50,undirected
flaubert_bovary_1857_fra,hamsun_sklaven_1922_sca,19,undirected
flaubert_bovary_1857_fra,hesse_rad_1906_de,17,undirected
flaubert_bovary_1857_fra,keyserling_beatemareile_1903_de,2,undirected
flaubert_bovary_1857_fra,preuschen_yoshiwara_1920_de,3,undirected
flaubert_bovary_1857_fra,schubin_vollmondzauber02_1899_de,25,undirected
flaubert_bovary_1857_fra,strindberg_inselbauern_1918_sca,2,undirected
flaubert_bovary_1857_fra,tolstoy_herrknecht_1916_ru,2,undirected
flaubert_herodias_1877_fra,flaubert_legende_1877_fra,89,undirected
flaubert_herodias_1877_fra,flaubert_salambo_1863_fra,102,undirected
flaubert_herodias_1877_fra,flaubert_schlichtes_1877_fra,19,undirected
flaubert_herodias_1877_fra,flaubert_schule_1870_fra,20,undirected
flaubert_herodias_1877_fra,hauptmann_bahnwaerter_1892_de,4,undirected
flaubert_herodias_1877_fra,mann_venedig_1913_de,5,undirected
flaubert_herodias_1877_fra,schubin_etiquette_1887_de,3,undirected
flaubert_herodias_1877_fra,wassermann_spiegel_1911_de,2,undirected
flaubert_legende_1877_fra,doeblin_butterblume_1913_de,25,undirected
flaubert_legende_1877_fra,flaubert_bovary_1857_fra,1,undirected
flaubert_legende_1877_fra,flaubert_herodias_1877_fra,89,undirected
flaubert_legende_1877_fra,flaubert_november_1842_fra,25,undirected
flaubert_legende_1877_fra,flaubert_salambo_1863_fra,95,undirected
flaubert_legende_1877_fra,flaubert_schlichtes_1877_fra,69,undirected
flaubert_legende_1877_fra,flaubert_schule_1870_fra,26,undirected
flaubert_legende_1877_fra,hamsun_sklaven_1922_sca,3,undirected
flaubert_legende_1877_fra,hauptmann_bahnwaerter_1892_de,59,undirected
flaubert_legende_1877_fra,hesse_rad_1906_de,5,undirected
flaubert_legende_1877_fra,mann_tonio_1903_de,1,undirected
flaubert_legende_1877_fra,mann_venedig_1913_de,27,undirected
flaubert_legende_1877_fra,walser_schlacht_1908_de,2,undirected
flaubert_legende_1877_fra,wassermann_spiegel_1911_de,5,undirected
flaubert_leidenschaft_1839_fra,doeblin_butterblume_1913_de,4,undirected
flaubert_leidenschaft_1839_fra,flaubert_bovary_1857_fra,27,undirected
flaubert_leidenschaft_1839_fra,flaubert_november_1842_fra,104,undirected
flaubert_leidenschaft_1839_fra,flaubert_schlichtes_1877_fra,4,undirected
flaubert_leidenschaft_1839_fra,musil_haus_1908_de,68,undirected
flaubert_leidenschaft_1839_fra,preuschen_yoshiwara_1920_de,40,undirected
flaubert_november_1842_fra,bonsels_himmelsvolk_1915_de,3,undirected
flaubert_november_1842_fra,bonsels_indien_1916_de,27,undirected
flaubert_november_1842_fra,dickens_copperfield_1850_en,3,undirected
flaubert_november_1842_fra,flaubert_legende_1877_fra,25,undirected
flaubert_november_1842_fra,flaubert_leidenschaft_1839_fra,104,undirected
flaubert_november_1842_fra,flaubert_salambo_1863_fra,1,undirected
flaubert_november_1842_fra,goethe_werther_1787_de,13,undirected
flaubert_november_1842_fra,hagenauer_muspilli_1900_de,9,undirected
flaubert_november_1842_fra,sturza_geluebde_1905_de,6,undirected
flaubert_november_1842_fra,tolstoy_romanehe_1921_ru,30,undirected
flaubert_november_1842_fra,walser_kleine_1914_de,7,undirected
flaubert_salambo_1863_fra,doeblin_butterblume_1913_de,54,undirected
flaubert_salambo_1863_fra,flaubert_bovary_1857_fra,39,undirected
flaubert_salambo_1863_fra,flaubert_herodias_1877_fra,102,undirected
flaubert_salambo_1863_fra,flaubert_legende_1877_fra,95,undirected
flaubert_salambo_1863_fra,flaubert_november_1842_fra,1,undirected
flaubert_salambo_1863_fra,flaubert_schlichtes_1877_fra,24,undirected
flaubert_salambo_1863_fra,grillparzer_kloster_1827_de,2,undirected
flaubert_salambo_1863_fra,hauptmann_bahnwaerter_1892_de,30,undirected
flaubert_salambo_1863_fra,heyking_erzaehlungen_1918_de,2,undirected
flaubert_salambo_1863_fra,kraft_medizinmann_1896_de,16,undirected
flaubert_salambo_1863_fra,lasswitz_planeten02_1897_de,18,undirected
flaubert_salambo_1863_fra,schubin_vollmondzauber02_1899_de,2,undirected
flaubert_salambo_1863_fra,stifter_buntesteine_1853_de,6,undirected
flaubert_salambo_1863_fra,strindberg_inselbauern_1918_sca,5,undirected
flaubert_salambo_1863_fra,walser_schlacht_1908_de,47,undirected
flaubert_salambo_1863_fra,wassermann_spiegel_1911_de,1,undirected
flaubert_schlichtes_1877_fra,doeblin_butterblume_1913_de,13,undirected
flaubert_schlichtes_1877_fra,falke_durchschnitt_1892_de,36,undirected
flaubert_schlichtes_1877_fra,flaubert_bovary_1857_fra,75,undirected
flaubert_schlichtes_1877_fra,flaubert_herodias_1877_fra,19,undirected
flaubert_schlichtes_1877_fra,flaubert_legende_1877_fra,69,undirected
flaubert_schlichtes_1877_fra,flaubert_leidenschaft_1839_fra,4,undirected
flaubert_schlichtes_1877_fra,flaubert_salambo_1863_fra,24,undirected
flaubert_schlichtes_1877_fra,flaubert_schule_1870_fra,107,undirected
flaubert_schlichtes_1877_fra,keller_sinngedicht_1882_de,17,undirected
flaubert_schlichtes_1877_fra,schubin_vollmondzauber01_1899_de,2,undirected
flaubert_schlichtes_1877_fra,schubin_vollmondzauber02_1899_de,1,undirected
flaubert_schlichtes_1877_fra,strindberg_inselbauern_1918_sca,5,undirected
flaubert_schlichtes_1877_fra,walser_schlacht_1908_de,5,undirected
flaubert_schlichtes_1877_fra,wassermann_spiegel_1911_de,1,undirected
flaubert_schlichtes_1877_fra,wassermann_vierzig_1913_de,17,undirected
flaubert_schule_1870_fra,dickens_weihnachts_1843_en,1,undirected
flaubert_schule_1870_fra,dickens_zweist_1859_en,3,undirected
flaubert_schule_1870_fra,flaubert_bovary_1857_fra,50,undirected
flaubert_schule_1870_fra,flaubert_herodias_1877_fra,20,undirected
flaubert_schule_1870_fra,flaubert_legende_1877_fra,26,undirected
flaubert_schule_1870_fra,flaubert_schlichtes_1877_fra,107,undirected
flaubert_schule_1870_fra,hamsun_sklaven_1922_sca,11,undirected
flaubert_schule_1870_fra,keller_sinngedicht_1882_de,5,undirected
flaubert_schule_1870_fra,kretzer_timpe_1888_de,5,undirected
flaubert_schule_1870_fra,schnitzler_casanova_1918_de,4,undirected
flaubert_schule_1870_fra,schubin_vollmondzauber01_1899_de,12,undirected
flaubert_schule_1870_fra,wassermann_moloch_1902_de,2,undirected
flaubert_schule_1870_fra,wassermann_spiegel_1911_de,2,undirected
flaubert_schule_1870_fra,wassermann_vierzig_1913_de,1,undirected
fontane_briest_1896_de,akunian_fluegel_1895_de,37,undirected
fontane_briest_1896_de,bierbaum_stilpe_1897_de,10,undirected
fontane_briest_1896_de,fontane_irrungen_1888_de,94,undirected
fontane_briest_1896_de,fontane_reise_1894_de,59,undirected
fontane_briest_1896_de,fontane_stechlin_1899_de,110,undirected
fontane_briest_1896_de,fontane_wuthenow_1883_de,9,undirected
fontane_briest_1896_de,hesse_knulp_1915_de,1,undirected
fontane_briest_1896_de,reventlow_dames_1913_de,19,undirected
fontane_briest_1896_de,schnitzler_else_1924_de,18,undirected
fontane_irrungen_1888_de,akunian_fluegel_1895_de,9,undirected
fontane_irrungen_1888_de,fontane_briest_1896_de,94,undirected
fontane_irrungen_1888_de,fontane_reise_1894_de,50,undirected
fontane_irrungen_1888_de,fontane_stechlin_1899_de,96,undirected
fontane_irrungen_1888_de,fontane_wuthenow_1883_de,22,undirected
fontane_irrungen_1888_de,hesse_knulp_1915_de,2,undirected
fontane_reise_1894_de,fontane_briest_1896_de,59,undirected
fontane_reise_1894_de,fontane_irrungen_1888_de,50,undirected
fontane_reise_1894_de,fontane_stechlin_1899_de,71,undirected
fontane_reise_1894_de,fontane_wuthenow_1883_de,35,undirected
fontane_reise_1894_de,schreiner_halket_1898_de,1,undirected
fontane_stechlin_1899_de,bierbaum_stilpe_1897_de,60,undirected
fontane_stechlin_1899_de,fontane_briest_1896_de,110,undirected
fontane_stechlin_1899_de,fontane_irrungen_1888_de,96,undirected
fontane_stechlin_1899_de,fontane_reise_1894_de,71,undirected
fontane_stechlin_1899_de,fontane_wuthenow_1883_de,54,undirected
fontane_stechlin_1899_de,raabe_akten_1896_de,20,undirected
fontane_stechlin_1899_de,raabe_stopfkuchen_1891_de,20,undirected
fontane_stechlin_1899_de,reventlow_dames_1913_de,31,undirected
fontane_stechlin_1899_de,schnitzler_else_1924_de,2,undirected
fontane_wuthenow_1883_de,fontane_briest_1896_de,9,undirected
fontane_wuthenow_1883_de,fontane_irrungen_1888_de,22,undirected
fontane_wuthenow_1883_de,fontane_reise_1894_de,35,undirected
fontane_wuthenow_1883_de,fontane_stechlin_1899_de,54,undirected
goethe_italienische_1786_de,brodkafka_samuel_1912_de,14,undirected
goethe_italienische_1786_de,goethe_meisterlehr_1796_de,37,undirected
goethe_italienische_1786_de,goethe_meisterwander_1829_de,92,undirected
goethe_italienische_1786_de,goethe_wahlverwandtschaften_1809_de,57,undirected
goethe_italienische_1786_de,goethe_werther_1787_de,2,undirected
goethe_italienische_1786_de,kafka_bau_1928_de,2,undirected
goethe_italienische_1786_de,lasswitz_seife_1890_de,11,undirected
goethe_italienische_1786_de,stifter_nachsommer_1857_de,41,undirected
goethe_meisterlehr_1796_de,goethe_italienische_1786_de,37,undirected
goethe_meisterlehr_1796_de,goethe_meisterwander_1829_de,80,undirected
goethe_meisterlehr_1796_de,goethe_wahlverwandtschaften_1809_de,88,undirected
goethe_meisterlehr_1796_de,goethe_werther_1787_de,53,undirected
goethe_meisterlehr_1796_de,keller_sinngedicht_1882_de,32,undirected
goethe_meisterlehr_1796_de,kleist_marquise_1808_de,1,undirected
goethe_meisterlehr_1796_de,stifter_nachsommer_1857_de,1,undirected
goethe_meisterlehr_1796_de,tolstoy_anna_1920_ru,1,undirected
goethe_meisterwander_1829_de,goethe_italienische_1786_de,92,undirected
goethe_meisterwander_1829_de,goethe_meisterlehr_1796_de,80,undirected
goethe_meisterwander_1829_de,goethe_wahlverwandtschaften_1809_de,120,undirected
goethe_meisterwander_1829_de,goethe_werther_1787_de,15,undirected
goethe_meisterwander_1829_de,keller_sinngedicht_1882_de,40,undirected
goethe_meisterwander_1829_de,lasswitz_planeten01_1897_de,1,undirected
goethe_meisterwander_1829_de,lasswitz_seife_1890_de,31,undirected
goethe_meisterwander_1829_de,stifter_nachsommer_1857_de,9,undirected
goethe_wahlverwandtschaften_1809_de,goethe_italienische_1786_de,57,undirected
goethe_wahlverwandtschaften_1809_de,goethe_meisterlehr_1796_de,88,undirected
goethe_wahlverwandtschaften_1809_de,goethe_meisterwander_1829_de,120,undirected
goethe_wahlverwandtschaften_1809_de,goethe_werther_1787_de,21,undirected
goethe_wahlverwandtschaften_1809_de,kafka_hungerkünstler_1924_de,2,undirected
goethe_wahlverwandtschaften_1809_de,keller_sinngedicht_1882_de,2,undirected
goethe_wahlverwandtschaften_1809_de,sturza_geluebde_1905_de,3,undirected
goethe_wahlverwandtschaften_1809_de,tolstoy_anna_1920_ru,2,undirected
goethe_werther_1787_de,altenberg_prodromos_1906_de,14,undirected
goethe_werther_1787_de,bonsels_himmelsvolk_1915_de,2,undirected
goethe_werther_1787_de,dery_liebe_1896_de,6,undirected
goethe_werther_1787_de,dickens_copperfield_1850_en,15,undirected
goethe_werther_1787_de,flaubert_november_1842_fra,13,undirected
goethe_werther_1787_de,goethe_italienische_1786_de,2,undirected
goethe_werther_1787_de,goethe_meisterlehr_1796_de,53,undirected
goethe_werther_1787_de,goethe_meisterwander_1829_de,15,undirected
goethe_werther_1787_de,goethe_wahlverwandtschaften_1809_de,21,undirected
goethe_werther_1787_de,may_winnetou_1893_de,1,undirected
goethe_werther_1787_de,schnitzler_else_1924_de,3,undirected
goethe_werther_1787_de,sturza_geluebde_1905_de,1,undirected
goethe_werther_1787_de,walser_jakob_1909_de,1,undirected
grillparzer_kloster_1827_de,flaubert_salambo_1863_fra,2,undirected
grillparzer_kloster_1827_de,grillparzer_spielmann_1847_de,38,undirected
grillparzer_kloster_1827_de,hauptmann_bahnwaerter_1892_de,1,undirected
grillparzer_kloster_1827_de,hoffmann_nacht_1817_de,55,undirected
grillparzer_kloster_1827_de,kleist_findling_1811_de,11,undirected
grillparzer_kloster_1827_de,kleist_zweikampf_1811_de,27,undirected
grillparzer_kloster_1827_de,mann_venedig_1913_de,18,undirected
grillparzer_kloster_1827_de,meissner_prinzessin_1882_de,20,undirected
grillparzer_kloster_1827_de,meyer_borgia_1891_de,9,undirected
grillparzer_spielmann_1847_de,bonsels_indien_1916_de,1,undirected
grillparzer_spielmann_1847_de,dickens_copperfield_1850_en,1,undirected
grillparzer_spielmann_1847_de,grillparzer_kloster_1827_de,38,undirected
grillparzer_spielmann_1847_de,hagenauer_muspilli_1900_de,1,undirected
grillparzer_spielmann_1847_de,hoffmann_nacht_1817_de,41,undirected
grillparzer_spielmann_1847_de,hoffmann_topf_1819_de,2,undirected
grillparzer_spielmann_1847_de,keller_sinngedicht_1882_de,26,undirected
grillparzer_spielmann_1847_de,stifter_nachsommer_1857_de,3,undirected
grillparzer_spielmann_1847_de,storm_basch_1887_de,2,undirected
grillparzer_spielmann_1847_de,storm_doppelgaenger_1887_de,6,undirected
hagenauer_muspilli_1900_de,bonsels_indien_1916_de,42,undirected
hagenauer_muspilli_1900_de,conradi_adam_1889_de,31,undirected
hagenauer_muspilli_1900_de,dickens_copperfield_1850_en,3,undirected
hagenauer_muspilli_1900_de,einstein_bebuquin_1912_de,8,undirected
hagenauer_muspilli_1900_de,flaubert_november_1842_fra,9,undirected
hagenauer_muspilli_1900_de,grillparzer_spielmann_1847_de,1,undirected
hagenauer_muspilli_1900_de,hesse_rad_1906_de,3,undirected
hagenauer_muspilli_1900_de,kafka_landarzt_1920_de,1,undirected
hagenauer_muspilli_1900_de,musil_haus_1908_de,7,undirected
hagenauer_muspilli_1900_de,musil_toerless_1906_de,3,undirected
hagenauer_muspilli_1900_de,tolstoy_romanehe_1921_ru,20,undirected
hamsun_sklaven_1922_sca,flaubert_bovary_1857_fra,19,undirected
hamsun_sklaven_1922_sca,flaubert_legende_1877_fra,3,undirected
hamsun_sklaven_1922_sca,flaubert_schule_1870_fra,11,undirected
hamsun_sklaven_1922_sca,hamsun_weiber_1922_sca,30,undirected
hamsun_sklaven_1922_sca,schnitzler_tanzerin_1905_de,5,undirected
hamsun_sklaven_1922_sca,spyri_heidilehr_1880_de,1,undirected
hamsun_sklaven_1922_sca,strindberg_inselbauern_1918_sca,56,undirected
hamsun_weiber_1922_sca,dickens_twist_1838_en,14,undirected
hamsun_weiber_1922_sca,hamsun_sklaven_1922_sca,30,undirected
hamsun_weiber_1922_sca,hesse_knulp_1915_de,28,undirected
hamsun_weiber_1922_sca,kafka_prozess_1925_de,1,undirected
hamsun_weiber_1922_sca,kafka_schloss_1925_de,1,undirected
hamsun_weiber_1922_sca,reventlow_dames_1913_de,5,undirected
hamsun_weiber_1922_sca,sapper_dummerle_1905_de,60,undirected
hamsun_weiber_1922_sca,sapper_pfaffling_1907_de,26,undirected
hamsun_weiber_1922_sca,schnitzler_else_1924_de,3,undirected
hamsun_weiber_1922_sca,strindberg_magd_1921_sca,7,undirected
hamsun_weiber_1922_sca,walser_gehuelfe_1908_de,2,undirected
hauptmann_bahnwaerter_1892_de,doeblin_butterblume_1913_de,4,undirected
hauptmann_bahnwaerter_1892_de,flaubert_herodias_1877_fra,4,undirected
hauptmann_bahnwaerter_1892_de,flaubert_legende_1877_fra,59,undirected
hauptmann_bahnwaerter_1892_de,flaubert_salambo_1863_fra,30,undirected
hauptmann_bahnwaerter_1892_de,grillparzer_kloster_1827_de,1,undirected
hauptmann_bahnwaerter_1892_de,hesse_rad_1906_de,5,undirected
hauptmann_bahnwaerter_1892_de,keller_sinngedicht_1882_de,2,undirected
hauptmann_bahnwaerter_1892_de,kretzer_timpe_1888_de,40,undirected
hauptmann_bahnwaerter_1892_de,mann_venedig_1913_de,26,undirected
hauptmann_bahnwaerter_1892_de,musil_haus_1908_de,22,undirected
hauptmann_bahnwaerter_1892_de,polenz_buettnerbauer_1895_de,2,undirected
hauptmann_bahnwaerter_1892_de,schnitzler_casanova_1918_de,1,undirected
hauptmann_bahnwaerter_1892_de,schnitzler_traumnovelle_1926_de,2,undirected
hauptmann_bahnwaerter_1892_de,tolstoy_herrknecht_1916_ru,12,undirected
hauptmann_bahnwaerter_1892_de,wassermann_moloch_1902_de,5,undirected
heiberg_charaktere_1901_de,achleitner_bergrichters_1900_de,3,undirected
heiberg_charaktere_1901_de,dostoevskij_idiot_1889_ru,2,undirected
heiberg_charaktere_1901_de,heiberg_frau_1886_de,41,undirected
heiberg_charaktere_1901_de,heiberg_grevinde_1898_de,99,undirected
heiberg_charaktere_1901_de,heiberg_todsunden_1891_de,108,undirected
heiberg_charaktere_1901_de,sturza_geluebde_1905_de,7,undirected
heiberg_charaktere_1901_de,tolstoy_anna_1920_ru,4,undirected
heiberg_frau_1886_de,heiberg_charaktere_1901_de,41,undirected
heiberg_frau_1886_de,heiberg_grevinde_1898_de,65,undirected
heiberg_frau_1886_de,heiberg_todsunden_1891_de,76,undirected
heiberg_frau_1886_de,mann_tristan_1903_de,5,undirected
heiberg_frau_1886_de,sturza_geluebde_1905_de,4,undirected
heiberg_frau_1886_de,tolstoy_anna_1920_ru,11,undirected
heiberg_grevinde_1898_de,achleitner_bergrichters_1900_de,10,undirected
heiberg_grevinde_1898_de,heiberg_charaktere_1901_de,99,undirected
heiberg_grevinde_1898_de,heiberg_frau_1886_de,65,undirected
heiberg_grevinde_1898_de,heiberg_todsunden_1891_de,91,undirected
heiberg_todsunden_1891_de,heiberg_charaktere_1901_de,108,undirected
heiberg_todsunden_1891_de,heiberg_frau_1886_de,76,undirected
heiberg_todsunden_1891_de,heiberg_grevinde_1898_de,91,undirected
heiberg_todsunden_1891_de,sturza_geluebde_1905_de,1,undirected
hesse_knulp_1915_de,akunian_bittersuess_1891_de,50,undirected
hesse_knulp_1915_de,akunian_fluegel_1895_de,3,undirected
hesse_knulp_1915_de,dickens_twist_1838_en,1,undirected
hesse_knulp_1915_de,fontane_briest_1896_de,1,undirected
hesse_knulp_1915_de,fontane_irrungen_1888_de,2,undirected
hesse_knulp_1915_de,hamsun_weiber_1922_sca,28,undirected
hesse_knulp_1915_de,hesse_rad_1906_de,105,undirected
hesse_knulp_1915_de,kafka_urteil_1913_de,3,undirected
hesse_knulp_1915_de,sapper_dummerle_1905_de,32,undirected
hesse_knulp_1915_de,schnitzler_tanzerin_1905_de,20,undirected
hesse_knulp_1915_de,spyri_heidibrauchen_1881_de,15,undirected
hesse_knulp_1915_de,spyri_heidilehr_1880_de,7,undirected
hesse_rad_1906_de,brod_beer_1912_de,39,undirected
hesse_rad_1906_de,flaubert_bovary_1857_fra,17,undirected
hesse_rad_1906_de,flaubert_legende_1877_fra,5,undirected
hesse_rad_1906_de,hagenauer_muspilli_1900_de,3,undirected
hesse_rad_1906_de,hauptmann_bahnwaerter_1892_de,5,undirected
hesse_rad_1906_de,hesse_knulp_1915_de,105,undirected
hesse_rad_1906_de,kraft_medizinmann_1896_de,4,undirected
hesse_rad_1906_de,mann_tonio_1903_de,8,undirected
hesse_rad_1906_de,mann_venedig_1913_de,2,undirected
hesse_rad_1906_de,mann_zauberberg_1924_de,7,undirected
hesse_rad_1906_de,stifter_studienhaidedorf_1840_de,7,undirected
hesse_rad_1906_de,storm_basch_1887_de,13,undirected
hesse_rad_1906_de,strindberg_inselbauern_1918_sca,1,undirected
hesse_rad_1906_de,strindberg_magd_1921_sca,27,undirected
hesse_rad_1906_de,tolstoy_herrknecht_1916_ru,3,undirected
heyking_erzaehlungen_1918_de,flaubert_salambo_1863_fra,2,undirected
heyking_erzaehlungen_1918_de,preuschen_yoshiwara_1920_de,75,undirected
heyking_erzaehlungen_1918_de,sapper_kriegsbuchlein_1914_de,7,undirected
heyking_erzaehlungen_1918_de,stifter_buntesteine_1853_de,36,undirected
heyking_erzaehlungen_1918_de,stifter_nachsommer_1857_de,40,undirected
heyking_erzaehlungen_1918_de,stifter_studienhaidedorf_1840_de,31,undirected
heyking_erzaehlungen_1918_de,walser_schlacht_1908_de,40,undirected
hoffmann_nacht_1817_de,achleitner_celsissimus_1901_de,4,undirected
hoffmann_nacht_1817_de,eschstruth_katz_1886_de,2,undirected
hoffmann_nacht_1817_de,grillparzer_kloster_1827_de,55,undirected
hoffmann_nacht_1817_de,grillparzer_spielmann_1847_de,41,undirected
hoffmann_nacht_1817_de,hoffmann_topf_1819_de,118,undirected
hoffmann_nacht_1817_de,hoffmann_zaches_1819_de,100,undirected
hoffmann_nacht_1817_de,meissner_prinzessin_1882_de,1,undirected
hoffmann_nacht_1817_de,meyer_borgia_1891_de,3,undirected
hoffmann_topf_1819_de,bonsels_himmelsvolk_1915_de,2,undirected
hoffmann_topf_1819_de,eschstruth_katz_1886_de,19,undirected
hoffmann_topf_1819_de,grillparzer_spielmann_1847_de,2,undirected
hoffmann_topf_1819_de,hoffmann_nacht_1817_de,118,undirected
hoffmann_topf_1819_de,hoffmann_zaches_1819_de,82,undirected
hoffmann_zaches_1819_de,achleitner_celsissimus_1901_de,7,undirected
hoffmann_zaches_1819_de,eschstruth_katz_1886_de,13,undirected
hoffmann_zaches_1819_de,hoffmann_nacht_1817_de,100,undirected
hoffmann_zaches_1819_de,hoffmann_topf_1819_de,82,undirected
holz_hamlet_1889_de,akunian_bittersuess_1891_de,6,undirected
holz_hamlet_1889_de,akunian_fluegel_1895_de,7,undirected
holz_hamlet_1889_de,conradi_adam_1889_de,5,undirected
holz_hamlet_1889_de,falke_nebel_1899_de,83,undirected
holz_hamlet_1889_de,raabe_odfeld_1889_de,2,undirected
holz_hamlet_1889_de,spyri_heidibrauchen_1881_de,3,undirected
holz_hamlet_1889_de,storm_basch_1887_de,54,undirected
holz_hamlet_1889_de,storm_doppelgaenger_1887_de,5,undirected
holz_hamlet_1889_de,storm_riew_1885_de,1,undirected
holz_hamlet_1889_de,storm_schimmelreiter_1888_de,2,undirected
kafka_amerika_1925_de,kafka_betrachtung_1912_de,14,undirected
kafka_amerika_1925_de,kafka_prozess_1925_de,107,undirected
kafka_amerika_1925_de,kafka_schloss_1925_de,73,undirected
kafka_amerika_1925_de,kafka_strafkolonie_1919_de,41,undirected
kafka_amerika_1925_de,kafka_urteil_1913_de,19,undirected
kafka_amerika_1925_de,kafka_verwandlung_1915_de,79,undirected
kafka_bau_1928_de,brod_stunde_1916_de,3,undirected
kafka_bau_1928_de,brodkafka_samuel_1912_de,32,undirected
kafka_bau_1928_de,goethe_italienische_1786_de,2,undirected
kafka_bau_1928_de,kafka_betrachtung_1912_de,2,undirected
kafka_bau_1928_de,kafka_hungerkünstler_1924_de,113,undirected
kafka_bau_1928_de,kafka_landarzt_1920_de,74,undirected
kafka_bau_1928_de,kafka_prozess_1925_de,4,undirected
kafka_bau_1928_de,kafka_schloss_1925_de,44,undirected
kafka_bau_1928_de,reventlow_dames_1913_de,1,undirected
kafka_bau_1928_de,schnitzler_else_1924_de,1,undirected
kafka_bau_1928_de,walser_geschwister_1907_de,1,undirected
kafka_betrachtung_1912_de,brodkafka_samuel_1912_de,12,undirected
kafka_betrachtung_1912_de,dostoevskij_verbrechen_1882_ru,1,undirected
kafka_betrachtung_1912_de,kafka_amerika_1925_de,14,undirected
kafka_betrachtung_1912_de,kafka_bau_1928_de,2,undirected
kafka_betrachtung_1912_de,kafka_landarzt_1920_de,51,undirected
kafka_betrachtung_1912_de,kafka_prozess_1925_de,3,undirected
kafka_betrachtung_1912_de,lasswitz_seife_1890_de,2,undirected
kafka_betrachtung_1912_de,schnitzler_else_1924_de,37,undirected
kafka_betrachtung_1912_de,walser_geschwister_1907_de,1,undirected
kafka_hungerkünstler_1924_de,brod_stunde_1916_de,17,undirected
kafka_hungerkünstler_1924_de,brodkafka_samuel_1912_de,18,undirected
kafka_hungerkünstler_1924_de,goethe_wahlverwandtschaften_1809_de,2,undirected
kafka_hungerkünstler_1924_de,kafka_bau_1928_de,113,undirected
kafka_hungerkünstler_1924_de,kafka_landarzt_1920_de,28,undirected
kafka_hungerkünstler_1924_de,kafka_prozess_1925_de,6,undirected
kafka_hungerkünstler_1924_de,kafka_schloss_1925_de,71,undirected
kafka_hungerkünstler_1924_de,musil_mann1_1930_de,3,undirected
kafka_hungerkünstler_1924_de,musil_mann3_1930_de,12,undirected
kafka_kuebelreiter_1917_de,achleitner_bergrichters_1900_de,5,undirected
kafka_kuebelreiter_1917_de,achleitner_tann_1897_de,49,undirected
kafka_kuebelreiter_1917_de,dery_liebe_1896_de,2,undirected
kafka_kuebelreiter_1917_de,eschstruth_katz_1886_de,38,undirected
kafka_kuebelreiter_1917_de,kafka_landarzt_1920_de,2,undirected
kafka_kuebelreiter_1917_de,kleist_bettelweib_1810_de,13,undirected
kafka_kuebelreiter_1917_de,lasswitz_seife_1890_de,1,undirected
kafka_kuebelreiter_1917_de,schnitzler_else_1924_de,10,undirected
kafka_landarzt_1920_de,brodkafka_samuel_1912_de,47,undirected
kafka_landarzt_1920_de,hagenauer_muspilli_1900_de,1,undirected
kafka_landarzt_1920_de,kafka_bau_1928_de,74,undirected
kafka_landarzt_1920_de,kafka_betrachtung_1912_de,51,undirected
kafka_landarzt_1920_de,kafka_hungerkünstler_1924_de,28,undirected
kafka_landarzt_1920_de,kafka_kuebelreiter_1917_de,2,undirected
kafka_landarzt_1920_de,kafka_schloss_1925_de,21,undirected
kafka_landarzt_1920_de,kafka_strafkolonie_1919_de,6,undirected
kafka_prozess_1925_de,brodkafka_samuel_1912_de,8,undirected
kafka_prozess_1925_de,dostoevskij_idiot_1889_ru,4,undirected
kafka_prozess_1925_de,hamsun_weiber_1922_sca,1,undirected
kafka_prozess_1925_de,kafka_amerika_1925_de,107,undirected
kafka_prozess_1925_de,kafka_bau_1928_de,4,undirected
kafka_prozess_1925_de,kafka_betrachtung_1912_de,3,undirected
kafka_prozess_1925_de,kafka_hungerkünstler_1924_de,6,undirected
kafka_prozess_1925_de,kafka_schloss_1925_de,112,undirected
kafka_prozess_1925_de,kafka_strafkolonie_1919_de,80,undirected
kafka_prozess_1925_de,kafka_urteil_1913_de,39,undirected
kafka_prozess_1925_de,kafka_verwandlung_1915_de,36,undirected
kafka_prozess_1925_de,schreiner_halket_1898_de,1,undirected
kafka_schloss_1925_de,dostoevskij_idiot_1889_ru,9,undirected
kafka_schloss_1925_de,dostoevskij_verbrechen_1882_ru,14,undirected
kafka_schloss_1925_de,hamsun_weiber_1922_sca,1,undirected
kafka_schloss_1925_de,kafka_amerika_1925_de,73,undirected
kafka_schloss_1925_de,kafka_bau_1928_de,44,undirected
kafka_schloss_1925_de,kafka_hungerkünstler_1924_de,71,undirected
kafka_schloss_1925_de,kafka_landarzt_1920_de,21,undirected
kafka_schloss_1925_de,kafka_prozess_1925_de,112,undirected
kafka_schloss_1925_de,kafka_strafkolonie_1919_de,11,undirected
kafka_schloss_1925_de,kafka_urteil_1913_de,31,undirected
kafka_schloss_1925_de,kafka_verwandlung_1915_de,14,undirected
kafka_schloss_1925_de,reventlow_dames_1913_de,4,undirected
kafka_strafkolonie_1919_de,kafka_amerika_1925_de,41,undirected
kafka_strafkolonie_1919_de,kafka_landarzt_1920_de,6,undirected
kafka_strafkolonie_1919_de,kafka_prozess_1925_de,80,undirected
kafka_strafkolonie_1919_de,kafka_schloss_1925_de,11,undirected
kafka_strafkolonie_1919_de,kafka_verwandlung_1915_de,14,undirected
kafka_strafkolonie_1919_de,lasswitz_planeten01_1897_de,6,undirected
kafka_urteil_1913_de,hesse_knulp_1915_de,3,undirected
kafka_urteil_1913_de,kafka_amerika_1925_de,19,undirected
kafka_urteil_1913_de,kafka_prozess_1925_de,39,undirected
kafka_urteil_1913_de,kafka_schloss_1925_de,31,undirected
kafka_urteil_1913_de,kafka_verwandlung_1915_de,25,undirected
kafka_urteil_1913_de,raabe_akten_1896_de,1,undirected
kafka_urteil_1913_de,sapper_vater_1915_de,2,undirected
kafka_verwandlung_1915_de,brod_beer_1912_de,14,undirected
kafka_verwandlung_1915_de,falke_durchschnitt_1892_de,1,undirected
kafka_verwandlung_1915_de,kafka_amerika_1925_de,79,undirected
kafka_verwandlung_1915_de,kafka_prozess_1925_de,36,undirected
kafka_verwandlung_1915_de,kafka_schloss_1925_de,14,undirected
kafka_verwandlung_1915_de,kafka_strafkolonie_1919_de,14,undirected
kafka_verwandlung_1915_de,kafka_urteil_1913_de,25,undirected
kafka_verwandlung_1915_de,schnitzler_casanova_1918_de,2,undirected
kafka_verwandlung_1915_de,tolstoy_herrknecht_1916_ru,1,undirected
keller_sinngedicht_1882_de,bonsels_indien_1916_de,3,undirected
keller_sinngedicht_1882_de,flaubert_schlichtes_1877_fra,17,undirected
keller_sinngedicht_1882_de,flaubert_schule_1870_fra,5,undirected
keller_sinngedicht_1882_de,goethe_meisterlehr_1796_de,32,undirected
keller_sinngedicht_1882_de,goethe_meisterwander_1829_de,40,undirected
keller_sinngedicht_1882_de,goethe_wahlverwandtschaften_1809_de,2,undirected
keller_sinngedicht_1882_de,grillparzer_spielmann_1847_de,26,undirected
keller_sinngedicht_1882_de,hauptmann_bahnwaerter_1892_de,2,undirected
keller_sinngedicht_1882_de,kleist_caecilie_1810_de,4,undirected
keller_sinngedicht_1882_de,kretzer_timpe_1888_de,8,undirected
keller_sinngedicht_1882_de,stifter_nachsommer_1857_de,14,undirected
keller_sinngedicht_1882_de,wassermann_spiegel_1911_de,1,undirected
keyserling_beatemareile_1903_de,akunian_bittersuess_1891_de,4,undirected
keyserling_beatemareile_1903_de,bonsels_maja_1912_de,32,undirected
keyserling_beatemareile_1903_de,doeblin_butterblume_1913_de,58,undirected
keyserling_beatemareile_1903_de,falke_nebel_1899_de,18,undirected
keyserling_beatemareile_1903_de,flaubert_bovary_1857_fra,2,undirected
keyserling_beatemareile_1903_de,preuschen_yoshiwara_1920_de,18,undirected
keyserling_beatemareile_1903_de,schubin_vollmondzauber02_1899_de,7,undirected
keyserling_beatemareile_1903_de,storm_riew_1885_de,37,undirected
keyserling_beatemareile_1903_de,wassermann_moloch_1902_de,2,undirected
kleist_bettelweib_1810_de,kafka_kuebelreiter_1917_de,13,undirected
kleist_bettelweib_1810_de,kleist_caecilie_1810_de,24,undirected
kleist_bettelweib_1810_de,kleist_domingo_1811_de,2,undirected
kleist_bettelweib_1810_de,kleist_findling_1811_de,15,undirected
kleist_bettelweib_1810_de,kleist_kolhaas_1810_de,50,undirected
kleist_bettelweib_1810_de,kleist_zweikampf_1811_de,29,undirected
kleist_caecilie_1810_de,keller_sinngedicht_1882_de,4,undirected
kleist_caecilie_1810_de,kleist_bettelweib_1810_de,24,undirected
kleist_caecilie_1810_de,kleist_domingo_1811_de,20,undirected
kleist_caecilie_1810_de,kleist_erdbeben_1810_de,1,undirected
kleist_caecilie_1810_de,kleist_findling_1811_de,1,undirected
kleist_caecilie_1810_de,kleist_kolhaas_1810_de,43,undirected
kleist_caecilie_1810_de,kleist_zweikampf_1811_de,67,undirected
kleist_caecilie_1810_de,lasswitz_planeten01_1897_de,2,undirected
kleist_domingo_1811_de,kleist_bettelweib_1810_de,2,undirected
kleist_domingo_1811_de,kleist_caecilie_1810_de,20,undirected
kleist_domingo_1811_de,kleist_erdbeben_1810_de,7,undirected
kleist_domingo_1811_de,kleist_findling_1811_de,28,undirected
kleist_domingo_1811_de,kleist_kolhaas_1810_de,97,undirected
kleist_domingo_1811_de,kleist_marquise_1808_de,84,undirected
kleist_domingo_1811_de,kleist_zweikampf_1811_de,59,undirected
kleist_domingo_1811_de,meissner_prinzessin_1882_de,2,undirected
kleist_domingo_1811_de,meyer_borgia_1891_de,1,undirected
kleist_erdbeben_1810_de,kleist_caecilie_1810_de,1,undirected
kleist_erdbeben_1810_de,kleist_domingo_1811_de,7,undirected
kleist_erdbeben_1810_de,kleist_findling_1811_de,27,undirected
kleist_erdbeben_1810_de,kleist_kolhaas_1810_de,41,undirected
kleist_erdbeben_1810_de,kleist_marquise_1808_de,63,undirected
kleist_findling_1811_de,grillparzer_kloster_1827_de,11,undirected
kleist_findling_1811_de,kleist_bettelweib_1810_de,15,undirected
kleist_findling_1811_de,kleist_caecilie_1810_de,1,undirected
kleist_findling_1811_de,kleist_domingo_1811_de,28,undirected
kleist_findling_1811_de,kleist_erdbeben_1810_de,27,undirected
kleist_findling_1811_de,kleist_kolhaas_1810_de,65,undirected
kleist_findling_1811_de,kleist_zweikampf_1811_de,41,undirected
kleist_findling_1811_de,polenz_buettnerbauer_1895_de,1,undirected
kleist_kolhaas_1810_de,kleist_bettelweib_1810_de,50,undirected
kleist_kolhaas_1810_de,kleist_caecilie_1810_de,43,undirected
kleist_kolhaas_1810_de,kleist_domingo_1811_de,97,undirected
kleist_kolhaas_1810_de,kleist_erdbeben_1810_de,41,undirected
kleist_kolhaas_1810_de,kleist_findling_1811_de,65,undirected
kleist_kolhaas_1810_de,kleist_marquise_1808_de,90,undirected
kleist_kolhaas_1810_de,kleist_zweikampf_1811_de,99,undirected
kleist_kolhaas_1810_de,mann_zauberberg_1924_de,1,undirected
kleist_kolhaas_1810_de,schnitzler_casanova_1918_de,2,undirected
kleist_marquise_1808_de,goethe_meisterlehr_1796_de,1,undirected
kleist_marquise_1808_de,kleist_domingo_1811_de,84,undirected
kleist_marquise_1808_de,kleist_erdbeben_1810_de,63,undirected
kleist_marquise_1808_de,kleist_kolhaas_1810_de,90,undirected
kleist_marquise_1808_de,kleist_zweikampf_1811_de,7,undirected
kleist_marquise_1808_de,tolstoy_anna_1920_ru,1,undirected
kleist_zweikampf_1811_de,grillparzer_kloster_1827_de,27,undirected
kleist_zweikampf_1811_de,kleist_bettelweib_1810_de,29,undirected
kleist_zweikampf_1811_de,kleist_caecilie_1810_de,67,undirected
kleist_zweikampf_1811_de,kleist_domingo_1811_de,59,undirected
kleist_zweikampf_1811_de,kleist_findling_1811_de,41,undirected
kleist_zweikampf_1811_de,kleist_kolhaas_1810_de,99,undirected
kleist_zweikampf_1811_de,kleist_marquise_1808_de,7,undirected
kleist_zweikampf_1811_de,meissner_prinzessin_1882_de,3,undirected
kraft_medizinmann_1896_de,flaubert_salambo_1863_fra,16,undirected
kraft_medizinmann_1896_de,hesse_rad_1906_de,4,undirected
kraft_medizinmann_1896_de,may_kurdistan_1892_de,3,undirected
kraft_medizinmann_1896_de,may_winnetou_1893_de,15,undirected
kraft_medizinmann_1896_de,may_wuste_1892_de,38,undirected
kraft_medizinmann_1896_de,sapper_kriegsbuchlein_1914_de,18,undirected
kraft_medizinmann_1896_de,schreiner_halket_1898_de,24,undirected
kraft_medizinmann_1896_de,stifter_buntesteine_1853_de,1,undirected
kraft_medizinmann_1896_de,storm_basch_1887_de,3,undirected
kraft_medizinmann_1896_de,storm_doppelgaenger_1887_de,1,undirected
kraft_medizinmann_1896_de,storm_riew_1885_de,2,undirected
kretzer_timpe_1888_de,dickens_zweist_1859_en,1,undirected
kretzer_timpe_1888_de,flaubert_schule_1870_fra,5,undirected
kretzer_timpe_1888_de,hauptmann_bahnwaerter_1892_de,40,undirected
kretzer_timpe_1888_de,keller_sinngedicht_1882_de,8,undirected
kretzer_timpe_1888_de,polenz_buettnerbauer_1895_de,102,undirected
kretzer_timpe_1888_de,storm_basch_1887_de,3,undirected
kretzer_timpe_1888_de,strindberg_magd_1921_sca,8,undirected
lasswitz_planeten01_1897_de,achleitner_bergrichters_1900_de,1,undirected
lasswitz_planeten01_1897_de,goethe_meisterwander_1829_de,1,undirected
lasswitz_planeten01_1897_de,kafka_strafkolonie_1919_de,6,undirected
lasswitz_planeten01_1897_de,kleist_caecilie_1810_de,2,undirected
lasswitz_planeten01_1897_de,lasswitz_planeten02_1897_de,120,undirected
lasswitz_planeten01_1897_de,lasswitz_seife_1890_de,96,undirected
lasswitz_planeten01_1897_de,may_winnetou_1893_de,21,undirected
lasswitz_planeten02_1897_de,achleitner_celsissimus_1901_de,8,undirected
lasswitz_planeten02_1897_de,flaubert_salambo_1863_fra,18,undirected
lasswitz_planeten02_1897_de,lasswitz_planeten01_1897_de,120,undirected
lasswitz_planeten02_1897_de,lasswitz_seife_1890_de,32,undirected
lasswitz_planeten02_1897_de,meissner_prinzessin_1882_de,1,undirected
lasswitz_planeten02_1897_de,strindberg_inselbauern_1918_sca,1,undirected
lasswitz_seife_1890_de,achleitner_bergrichters_1900_de,8,undirected
lasswitz_seife_1890_de,altenberg_prodromos_1906_de,43,undirected
lasswitz_seife_1890_de,bonsels_himmelsvolk_1915_de,1,undirected
lasswitz_seife_1890_de,brod_stunde_1916_de,3,undirected
lasswitz_seife_1890_de,dery_liebe_1896_de,1,undirected
lasswitz_seife_1890_de,einstein_bebuquin_1912_de,18,undirected
lasswitz_seife_1890_de,goethe_italienische_1786_de,11,undirected
lasswitz_seife_1890_de,goethe_meisterwander_1829_de,31,undirected
lasswitz_seife_1890_de,kafka_betrachtung_1912_de,2,undirected
lasswitz_seife_1890_de,kafka_kuebelreiter_1917_de,1,undirected
lasswitz_seife_1890_de,lasswitz_planeten01_1897_de,96,undirected
lasswitz_seife_1890_de,lasswitz_planeten02_1897_de,32,undirected
lasswitz_seife_1890_de,musil_mann3_1930_de,2,undirected
mann_tonio_1903_de,flaubert_legende_1877_fra,1,undirected
mann_tonio_1903_de,hesse_rad_1906_de,8,undirected
mann_tonio_1903_de,mann_tristan_1903_de,113,undirected
mann_tonio_1903_de,mann_venedig_1913_de,53,undirected
mann_tonio_1903_de,mann_zauberberg_1924_de,48,undirected
mann_tristan_1903_de,bonsels_maja_1912_de,2,undirected
mann_tristan_1903_de,heiberg_frau_1886_de,5,undirected
mann_tristan_1903_de,mann_tonio_1903_de,113,undirected
mann_tristan_1903_de,mann_venedig_1913_de,24,undirected
mann_tristan_1903_de,mann_zauberberg_1924_de,31,undirected
mann_venedig_1913_de,bonsels_indien_1916_de,21,undirected
mann_venedig_1913_de,flaubert_herodias_1877_fra,5,undirected
mann_venedig_1913_de,flaubert_legende_1877_fra,27,undirected
mann_venedig_1913_de,grillparzer_kloster_1827_de,18,undirected
mann_venedig_1913_de,hauptmann_bahnwaerter_1892_de,26,undirected
mann_venedig_1913_de,hesse_rad_1906_de,2,undirected
mann_venedig_1913_de,mann_tonio_1903_de,53,undirected
mann_venedig_1913_de,mann_tristan_1903_de,24,undirected
mann_venedig_1913_de,mann_zauberberg_1924_de,61,undirected
mann_venedig_1913_de,meyer_borgia_1891_de,1,undirected
mann_venedig_1913_de,polenz_buettnerbauer_1895_de,3,undirected
mann_venedig_1913_de,schnitzler_casanova_1918_de,27,undirected
mann_venedig_1913_de,wassermann_spiegel_1911_de,81,undirected
mann_venedig_1913_de,wassermann_vierzig_1913_de,1,undirected
mann_zauberberg_1924_de,hesse_rad_1906_de,7,undirected
mann_zauberberg_1924_de,kleist_kolhaas_1810_de,1,undirected
mann_zauberberg_1924_de,mann_tonio_1903_de,48,undirected
mann_zauberberg_1924_de,mann_tristan_1903_de,31,undirected
mann_zauberberg_1924_de,mann_venedig_1913_de,61,undirected
mann_zauberberg_1924_de,musil_mann1_1930_de,31,undirected
mann_zauberberg_1924_de,musil_mann3_1930_de,10,undirected
mann_zauberberg_1924_de,polenz_buettnerbauer_1895_de,4,undirected
may_kurdistan_1892_de,kraft_medizinmann_1896_de,3,undirected
may_kurdistan_1892_de,may_winnetou_1893_de,100,undirected
may_kurdistan_1892_de,may_wuste_1892_de,120,undirected
may_kurdistan_1892_de,meissner_prinzessin_1882_de,32,undirected
may_kurdistan_1892_de,meyer_pescara_1887_de,3,undirected
may_kurdistan_1892_de,schnitzler_else_1924_de,2,undirected
may_kurdistan_1892_de,schreiner_halket_1898_de,32,undirected
may_kurdistan_1892_de,walser_jakob_1909_de,1,undirected
may_winnetou_1893_de,goethe_werther_1787_de,1,undirected
may_winnetou_1893_de,kraft_medizinmann_1896_de,15,undirected
may_winnetou_1893_de,lasswitz_planeten01_1897_de,21,undirected
may_winnetou_1893_de,may_kurdistan_1892_de,100,undirected
may_winnetou_1893_de,may_wuste_1892_de,80,undirected
may_winnetou_1893_de,meissner_prinzessin_1882_de,14,undirected
may_winnetou_1893_de,schnitzler_else_1924_de,3,undirected
may_winnetou_1893_de,schreiner_halket_1898_de,61,undirected
may_wuste_1892_de,kraft_medizinmann_1896_de,38,undirected
may_wuste_1892_de,may_kurdistan_1892_de,120,undirected
may_wuste_1892_de,may_winnetou_1893_de,80,undirected
may_wuste_1892_de,meissner_prinzessin_1882_de,32,undirected
may_wuste_1892_de,meyer_pescara_1887_de,10,undirected
may_wuste_1892_de,schreiner_halket_1898_de,27,undirected
may_wuste_1892_de,stifter_nachsommer_1857_de,2,undirected
may_wuste_1892_de,walser_jakob_1909_de,1,undirected
meissner_prinzessin_1882_de,dickens_zweist_1859_en,21,undirected
meissner_prinzessin_1882_de,eschstruth_katz_1886_de,1,undirected
meissner_prinzessin_1882_de,grillparzer_kloster_1827_de,20,undirected
meissner_prinzessin_1882_de,hoffmann_nacht_1817_de,1,undirected
meissner_prinzessin_1882_de,kleist_domingo_1811_de,2,undirected
meissner_prinzessin_1882_de,kleist_zweikampf_1811_de,3,undirected
meissner_prinzessin_1882_de,lasswitz_planeten02_1897_de,1,undirected
meissner_prinzessin_1882_de,may_kurdistan_1892_de,32,undirected
meissner_prinzessin_1882_de,may_winnetou_1893_de,14,undirected
meissner_prinzessin_1882_de,may_wuste_1892_de,32,undirected
meissner_prinzessin_1882_de,meyer_borgia_1891_de,5,undirected
meissner_prinzessin_1882_de,meyer_pescara_1887_de,14,undirected
meissner_prinzessin_1882_de,stifter_nachsommer_1857_de,5,undirected
meyer_borgia_1891_de,grillparzer_kloster_1827_de,9,undirected
meyer_borgia_1891_de,hoffmann_nacht_1817_de,3,undirected
meyer_borgia_1891_de,kleist_domingo_1811_de,1,undirected
meyer_borgia_1891_de,mann_venedig_1913_de,1,undirected
meyer_borgia_1891_de,meissner_prinzessin_1882_de,5,undirected
meyer_borgia_1891_de,meyer_monchs_1884_de,69,undirected
meyer_borgia_1891_de,meyer_pescara_1887_de,98,undirected
meyer_borgia_1891_de,meyer_richterin_1885_de,44,undirected
meyer_borgia_1891_de,schubin_etiquette_1887_de,1,undirected
meyer_borgia_1891_de,wassermann_spiegel_1911_de,5,undirected
meyer_monchs_1884_de,meyer_borgia_1891_de,69,undirected
meyer_monchs_1884_de,meyer_pescara_1887_de,120,undirected
meyer_monchs_1884_de,meyer_richterin_1885_de,90,undirected
meyer_monchs_1884_de,schubin_etiquette_1887_de,2,undirected
meyer_pescara_1887_de,achleitner_celsissimus_1901_de,4,undirected
meyer_pescara_1887_de,may_kurdistan_1892_de,3,undirected
meyer_pescara_1887_de,may_wuste_1892_de,10,undirected
meyer_pescara_1887_de,meissner_prinzessin_1882_de,14,undirected
meyer_pescara_1887_de,meyer_borgia_1891_de,98,undirected
meyer_pescara_1887_de,meyer_monchs_1884_de,120,undirected
meyer_pescara_1887_de,meyer_richterin_1885_de,58,undirected
meyer_pescara_1887_de,schubin_etiquette_1887_de,4,undirected
meyer_richterin_1885_de,eschstruth_katz_1886_de,9,undirected
meyer_richterin_1885_de,meyer_borgia_1891_de,44,undirected
meyer_richterin_1885_de,meyer_monchs_1884_de,90,undirected
meyer_richterin_1885_de,meyer_pescara_1887_de,58,undirected
musil_haus_1908_de,bonsels_maja_1912_de,1,undirected
musil_haus_1908_de,falke_nebel_1899_de,1,undirected
musil_haus_1908_de,flaubert_leidenschaft_1839_fra,68,undirected
musil_haus_1908_de,hagenauer_muspilli_1900_de,7,undirected
musil_haus_1908_de,hauptmann_bahnwaerter_1892_de,22,undirected
musil_haus_1908_de,musil_mann1_1930_de,2,undirected
musil_haus_1908_de,musil_toerless_1906_de,60,undirected
musil_haus_1908_de,preuschen_yoshiwara_1920_de,1,undirected
musil_haus_1908_de,walser_schlacht_1908_de,10,undirected
musil_haus_1908_de,wassermann_vierzig_1913_de,3,undirected
musil_mann1_1930_de,brod_beer_1912_de,1,undirected
musil_mann1_1930_de,brod_stunde_1916_de,12,undirected
musil_mann1_1930_de,kafka_hungerkünstler_1924_de,3,undirected
musil_mann1_1930_de,mann_zauberberg_1924_de,31,undirected
musil_mann1_1930_de,musil_haus_1908_de,2,undirected
musil_mann1_1930_de,musil_mann2_1930_de,110,undirected
musil_mann1_1930_de,musil_mann3_1930_de,80,undirected
musil_mann1_1930_de,musil_toerless_1906_de,58,undirected
musil_mann1_1930_de,strindberg_magd_1921_sca,14,undirected
musil_mann1_1930_de,walser_gehuelfe_1908_de,4,undirected
musil_mann1_1930_de,walser_schlacht_1908_de,1,undirected
musil_mann2_1930_de,brod_stunde_1916_de,3,undirected
musil_mann2_1930_de,dostoevskij_idiot_1889_ru,26,undirected
musil_mann2_1930_de,musil_mann1_1930_de,110,undirected
musil_mann2_1930_de,musil_mann3_1930_de,110,undirected
musil_mann2_1930_de,musil_toerless_1906_de,66,undirected
musil_mann3_1930_de,brod_stunde_1916_de,52,undirected
musil_mann3_1930_de,dostoevskij_idiot_1889_ru,13,undirected
musil_mann3_1930_de,kafka_hungerkünstler_1924_de,12,undirected
musil_mann3_1930_de,lasswitz_seife_1890_de,2,undirected
musil_mann3_1930_de,mann_zauberberg_1924_de,10,undirected
musil_mann3_1930_de,musil_mann1_1930_de,80,undirected
musil_mann3_1930_de,musil_mann2_1930_de,110,undirected
musil_mann3_1930_de,musil_toerless_1906_de,49,undirected
musil_mann3_1930_de,reventlow_dames_1913_de,6,undirected
musil_toerless_1906_de,brod_beer_1912_de,58,undirected
musil_toerless_1906_de,conradi_adam_1889_de,1,undirected
musil_toerless_1906_de,hagenauer_muspilli_1900_de,3,undirected
musil_toerless_1906_de,musil_haus_1908_de,60,undirected
musil_toerless_1906_de,musil_mann1_1930_de,58,undirected
musil_toerless_1906_de,musil_mann2_1930_de,66,undirected
musil_toerless_1906_de,musil_mann3_1930_de,49,undirected
musil_toerless_1906_de,schnitzler_traumnovelle_1926_de,1,undirected
musil_toerless_1906_de,tolstoy_anna_1920_ru,2,undirected
polenz_buettnerbauer_1895_de,brod_beer_1912_de,3,undirected
polenz_buettnerbauer_1895_de,falke_durchschnitt_1892_de,69,undirected
polenz_buettnerbauer_1895_de,hauptmann_bahnwaerter_1892_de,2,undirected
polenz_buettnerbauer_1895_de,kleist_findling_1811_de,1,undirected
polenz_buettnerbauer_1895_de,kretzer_timpe_1888_de,102,undirected
polenz_buettnerbauer_1895_de,mann_venedig_1913_de,3,undirected
polenz_buettnerbauer_1895_de,mann_zauberberg_1924_de,4,undirected
polenz_buettnerbauer_1895_de,strindberg_inselbauern_1918_sca,77,undirected
polenz_buettnerbauer_1895_de,strindberg_magd_1921_sca,7,undirected
preuschen_yoshiwara_1920_de,bonsels_maja_1912_de,1,undirected
preuschen_yoshiwara_1920_de,falke_durchschnitt_1892_de,18,undirected
preuschen_yoshiwara_1920_de,flaubert_bovary_1857_fra,3,undirected
preuschen_yoshiwara_1920_de,flaubert_leidenschaft_1839_fra,40,undirected
preuschen_yoshiwara_1920_de,heyking_erzaehlungen_1918_de,75,undirected
preuschen_yoshiwara_1920_de,keyserling_beatemareile_1903_de,18,undirected
preuschen_yoshiwara_1920_de,musil_haus_1908_de,1,undirected
raabe_akten_1896_de,fontane_stechlin_1899_de,20,undirected
raabe_akten_1896_de,kafka_urteil_1913_de,1,undirected
raabe_akten_1896_de,raabe_odfeld_1889_de,81,undirected
raabe_akten_1896_de,raabe_stopfkuchen_1891_de,120,undirected
raabe_odfeld_1889_de,achleitner_tann_1897_de,20,undirected
raabe_odfeld_1889_de,holz_hamlet_1889_de,2,undirected
raabe_odfeld_1889_de,raabe_akten_1896_de,81,undirected
raabe_odfeld_1889_de,raabe_stopfkuchen_1891_de,99,undirected
raabe_stopfkuchen_1891_de,fontane_stechlin_1899_de,20,undirected
raabe_stopfkuchen_1891_de,raabe_akten_1896_de,120,undirected
raabe_stopfkuchen_1891_de,raabe_odfeld_1889_de,99,undirected
reventlow_dames_1913_de,andreas_fenitschka_1898_de,12,undirected
reventlow_dames_1913_de,conradi_adam_1889_de,15,undirected
reventlow_dames_1913_de,dostoevskij_idiot_1889_ru,21,undirected
reventlow_dames_1913_de,dostoevskij_verbrechen_1882_ru,19,undirected
reventlow_dames_1913_de,fontane_briest_1896_de,19,undirected
reventlow_dames_1913_de,fontane_stechlin_1899_de,31,undirected
reventlow_dames_1913_de,hamsun_weiber_1922_sca,5,undirected
reventlow_dames_1913_de,kafka_bau_1928_de,1,undirected
reventlow_dames_1913_de,kafka_schloss_1925_de,4,undirected
reventlow_dames_1913_de,musil_mann3_1930_de,6,undirected
reventlow_dames_1913_de,schnitzler_else_1924_de,1,undirected
reventlow_dames_1913_de,walser_jakob_1909_de,30,undirected
sapper_dummerle_1905_de,akunian_bittersuess_1891_de,8,undirected
sapper_dummerle_1905_de,akunian_fluegel_1895_de,1,undirected
sapper_dummerle_1905_de,bonsels_maja_1912_de,2,undirected
sapper_dummerle_1905_de,hamsun_weiber_1922_sca,60,undirected
sapper_dummerle_1905_de,hesse_knulp_1915_de,32,undirected
sapper_dummerle_1905_de,sapper_kriegsbuchlein_1914_de,58,undirected
sapper_dummerle_1905_de,sapper_pfaffling_1907_de,120,undirected
sapper_dummerle_1905_de,sapper_vater_1915_de,100,undirected
sapper_dummerle_1905_de,schnitzler_tanzerin_1905_de,3,undirected
sapper_dummerle_1905_de,spyri_heidibrauchen_1881_de,38,undirected
sapper_dummerle_1905_de,spyri_heidilehr_1880_de,40,undirected
sapper_kriegsbuchlein_1914_de,heyking_erzaehlungen_1918_de,7,undirected
sapper_kriegsbuchlein_1914_de,kraft_medizinmann_1896_de,18,undirected
sapper_kriegsbuchlein_1914_de,sapper_dummerle_1905_de,58,undirected
sapper_kriegsbuchlein_1914_de,sapper_pfaffling_1907_de,97,undirected
sapper_kriegsbuchlein_1914_de,sapper_vater_1915_de,46,undirected
sapper_kriegsbuchlein_1914_de,stifter_buntesteine_1853_de,2,undirected
sapper_pfaffling_1907_de,hamsun_weiber_1922_sca,26,undirected
sapper_pfaffling_1907_de,sapper_dummerle_1905_de,120,undirected
sapper_pfaffling_1907_de,sapper_kriegsbuchlein_1914_de,97,undirected
sapper_pfaffling_1907_de,sapper_vater_1915_de,57,undirected
sapper_pfaffling_1907_de,spyri_heidibrauchen_1881_de,15,undirected
sapper_pfaffling_1907_de,spyri_heidilehr_1880_de,13,undirected
sapper_vater_1915_de,akunian_fluegel_1895_de,1,undirected
sapper_vater_1915_de,kafka_urteil_1913_de,2,undirected
sapper_vater_1915_de,sapper_dummerle_1905_de,100,undirected
sapper_vater_1915_de,sapper_kriegsbuchlein_1914_de,46,undirected
sapper_vater_1915_de,sapper_pfaffling_1907_de,57,undirected
sapper_vater_1915_de,schnitzler_tanzerin_1905_de,1,undirected
schnitzler_casanova_1918_de,dickens_zweist_1859_en,1,undirected
schnitzler_casanova_1918_de,flaubert_schule_1870_fra,4,undirected
schnitzler_casanova_1918_de,hauptmann_bahnwaerter_1892_de,1,undirected
schnitzler_casanova_1918_de,kafka_verwandlung_1915_de,2,undirected
schnitzler_casanova_1918_de,kleist_kolhaas_1810_de,2,undirected
schnitzler_casanova_1918_de,mann_venedig_1913_de,27,undirected
schnitzler_casanova_1918_de,schnitzler_tanzerin_1905_de,40,undirected
schnitzler_casanova_1918_de,schnitzler_traumnovelle_1926_de,120,undirected
schnitzler_casanova_1918_de,wassermann_vierzig_1913_de,3,undirected
schnitzler_else_1924_de,akunian_fluegel_1895_de,54,undirected
schnitzler_else_1924_de,bierbaum_stilpe_1897_de,34,undirected
schnitzler_else_1924_de,dostoevskij_verbrechen_1882_ru,1,undirected
schnitzler_else_1924_de,fontane_briest_1896_de,18,undirected
schnitzler_else_1924_de,fontane_stechlin_1899_de,2,undirected
schnitzler_else_1924_de,goethe_werther_1787_de,3,undirected
schnitzler_else_1924_de,hamsun_weiber_1922_sca,3,undirected
schnitzler_else_1924_de,kafka_bau_1928_de,1,undirected
schnitzler_else_1924_de,kafka_betrachtung_1912_de,37,undirected
schnitzler_else_1924_de,kafka_kuebelreiter_1917_de,10,undirected
schnitzler_else_1924_de,may_kurdistan_1892_de,2,undirected
schnitzler_else_1924_de,may_winnetou_1893_de,3,undirected
schnitzler_else_1924_de,reventlow_dames_1913_de,1,undirected
schnitzler_else_1924_de,sturza_geluebde_1905_de,2,undirected
schnitzler_else_1924_de,walser_jakob_1909_de,101,undirected
schnitzler_tanzerin_1905_de,akunian_bittersuess_1891_de,15,undirected
schnitzler_tanzerin_1905_de,dostoevskij_verbrechen_1882_ru,4,undirected
schnitzler_tanzerin_1905_de,hamsun_sklaven_1922_sca,5,undirected
schnitzler_tanzerin_1905_de,hesse_knulp_1915_de,20,undirected
schnitzler_tanzerin_1905_de,sapper_dummerle_1905_de,3,undirected
schnitzler_tanzerin_1905_de,sapper_vater_1915_de,1,undirected
schnitzler_tanzerin_1905_de,schnitzler_casanova_1918_de,40,undirected
schnitzler_tanzerin_1905_de,schnitzler_traumnovelle_1926_de,87,undirected
schnitzler_tanzerin_1905_de,storm_doppelgaenger_1887_de,2,undirected
schnitzler_traumnovelle_1926_de,brod_beer_1912_de,3,undirected
schnitzler_traumnovelle_1926_de,hauptmann_bahnwaerter_1892_de,2,undirected
schnitzler_traumnovelle_1926_de,musil_toerless_1906_de,1,undirected
schnitzler_traumnovelle_1926_de,schnitzler_casanova_1918_de,120,undirected
schnitzler_traumnovelle_1926_de,schnitzler_tanzerin_1905_de,87,undirected
schnitzler_traumnovelle_1926_de,wassermann_moloch_1902_de,35,undirected
schreiner_halket_1898_de,dickens_twist_1838_en,6,undirected
schreiner_halket_1898_de,dickens_weihnachts_1843_en,2,undirected
schreiner_halket_1898_de,fontane_reise_1894_de,1,undirected
schreiner_halket_1898_de,kafka_prozess_1925_de,1,undirected
schreiner_halket_1898_de,kraft_medizinmann_1896_de,24,undirected
schreiner_halket_1898_de,may_kurdistan_1892_de,32,undirected
schreiner_halket_1898_de,may_winnetou_1893_de,61,undirected
schreiner_halket_1898_de,may_wuste_1892_de,27,undirected
schubin_etiquette_1887_de,achleitner_tann_1897_de,28,undirected
schubin_etiquette_1887_de,altenberg_prodromos_1906_de,1,undirected
schubin_etiquette_1887_de,eschstruth_katz_1886_de,35,undirected
schubin_etiquette_1887_de,flaubert_herodias_1877_fra,3,undirected
schubin_etiquette_1887_de,meyer_borgia_1891_de,1,undirected
schubin_etiquette_1887_de,meyer_monchs_1884_de,2,undirected
schubin_etiquette_1887_de,meyer_pescara_1887_de,4,undirected
schubin_etiquette_1887_de,schubin_vollmondzauber01_1899_de,51,undirected
schubin_etiquette_1887_de,schubin_vollmondzauber02_1899_de,38,undirected
schubin_vollmondzauber01_1899_de,andreas_fenitschka_1898_de,9,undirected
schubin_vollmondzauber01_1899_de,falke_durchschnitt_1892_de,1,undirected
schubin_vollmondzauber01_1899_de,flaubert_schlichtes_1877_fra,2,undirected
schubin_vollmondzauber01_1899_de,flaubert_schule_1870_fra,12,undirected
schubin_vollmondzauber01_1899_de,schubin_etiquette_1887_de,51,undirected
schubin_vollmondzauber01_1899_de,schubin_vollmondzauber02_1899_de,120,undirected
schubin_vollmondzauber02_1899_de,doeblin_butterblume_1913_de,20,undirected
schubin_vollmondzauber02_1899_de,flaubert_bovary_1857_fra,25,undirected
schubin_vollmondzauber02_1899_de,flaubert_salambo_1863_fra,2,undirected
schubin_vollmondzauber02_1899_de,flaubert_schlichtes_1877_fra,1,undirected
schubin_vollmondzauber02_1899_de,keyserling_beatemareile_1903_de,7,undirected
schubin_vollmondzauber02_1899_de,schubin_etiquette_1887_de,38,undirected
schubin_vollmondzauber02_1899_de,schubin_vollmondzauber01_1899_de,120,undirected
schubin_vollmondzauber02_1899_de,strindberg_inselbauern_1918_sca,1,undirected
schubin_vollmondzauber02_1899_de,wassermann_moloch_1902_de,1,undirected
spyri_heidibrauchen_1881_de,hesse_knulp_1915_de,15,undirected
spyri_heidibrauchen_1881_de,holz_hamlet_1889_de,3,undirected
spyri_heidibrauchen_1881_de,sapper_dummerle_1905_de,38,undirected
spyri_heidibrauchen_1881_de,sapper_pfaffling_1907_de,15,undirected
spyri_heidibrauchen_1881_de,spyri_heidilehr_1880_de,120,undirected
spyri_heidibrauchen_1881_de,tolstoy_herrknecht_1916_ru,1,undirected
spyri_heidilehr_1880_de,hamsun_sklaven_1922_sca,1,undirected
spyri_heidilehr_1880_de,hesse_knulp_1915_de,7,undirected
spyri_heidilehr_1880_de,sapper_dummerle_1905_de,40,undirected
spyri_heidilehr_1880_de,sapper_pfaffling_1907_de,13,undirected
spyri_heidilehr_1880_de,spyri_heidibrauchen_1881_de,120,undirected
spyri_heidilehr_1880_de,tolstoy_herrknecht_1916_ru,12,undirected
stifter_buntesteine_1853_de,flaubert_salambo_1863_fra,6,undirected
stifter_buntesteine_1853_de,heyking_erzaehlungen_1918_de,36,undirected
stifter_buntesteine_1853_de,kraft_medizinmann_1896_de,1,undirected
stifter_buntesteine_1853_de,sapper_kriegsbuchlein_1914_de,2,undirected
stifter_buntesteine_1853_de,stifter_nachsommer_1857_de,120,undirected
stifter_buntesteine_1853_de,stifter_studienhaidedorf_1840_de,99,undirected
stifter_buntesteine_1853_de,strindberg_magd_1921_sca,6,undirected
stifter_nachsommer_1857_de,dickens_copperfield_1850_en,1,undirected
stifter_nachsommer_1857_de,goethe_italienische_1786_de,41,undirected
stifter_nachsommer_1857_de,goethe_meisterlehr_1796_de,1,undirected
stifter_nachsommer_1857_de,goethe_meisterwander_1829_de,9,undirected
stifter_nachsommer_1857_de,grillparzer_spielmann_1847_de,3,undirected
stifter_nachsommer_1857_de,heyking_erzaehlungen_1918_de,40,undirected
stifter_nachsommer_1857_de,keller_sinngedicht_1882_de,14,undirected
stifter_nachsommer_1857_de,may_wuste_1892_de,2,undirected
stifter_nachsommer_1857_de,meissner_prinzessin_1882_de,5,undirected
stifter_nachsommer_1857_de,stifter_buntesteine_1853_de,120,undirected
stifter_nachsommer_1857_de,stifter_studienhaidedorf_1840_de,45,undirected
stifter_studienhaidedorf_1840_de,bonsels_himmelsvolk_1915_de,1,undirected
stifter_studienhaidedorf_1840_de,hesse_rad_1906_de,7,undirected
stifter_studienhaidedorf_1840_de,heyking_erzaehlungen_1918_de,31,undirected
stifter_studienhaidedorf_1840_de,stifter_buntesteine_1853_de,99,undirected
stifter_studienhaidedorf_1840_de,stifter_nachsommer_1857_de,45,undirected
stifter_studienhaidedorf_1840_de,storm_schimmelreiter_1888_de,1,undirected
stifter_studienhaidedorf_1840_de,walser_prosastücke_1917_de,1,undirected
storm_basch_1887_de,grillparzer_spielmann_1847_de,2,undirected
storm_basch_1887_de,hesse_rad_1906_de,13,undirected
storm_basch_1887_de,holz_hamlet_1889_de,54,undirected
storm_basch_1887_de,kraft_medizinmann_1896_de,3,undirected
storm_basch_1887_de,kretzer_timpe_1888_de,3,undirected
storm_basch_1887_de,storm_doppelgaenger_1887_de,50,undirected
storm_basch_1887_de,storm_riew_1885_de,64,undirected
storm_basch_1887_de,storm_schimmelreiter_1888_de,73,undirected
storm_basch_1887_de,tolstoy_herrknecht_1916_ru,5,undirected
storm_doppelgaenger_1887_de,grillparzer_spielmann_1847_de,6,undirected
storm_doppelgaenger_1887_de,holz_hamlet_1889_de,5,undirected
storm_doppelgaenger_1887_de,kraft_medizinmann_1896_de,1,undirected
storm_doppelgaenger_1887_de,schnitzler_tanzerin_1905_de,2,undirected
storm_doppelgaenger_1887_de,storm_basch_1887_de,50,undirected
storm_doppelgaenger_1887_de,storm_riew_1885_de,110,undirected
storm_doppelgaenger_1887_de,storm_schimmelreiter_1888_de,73,undirected
storm_doppelgaenger_1887_de,tolstoy_herrknecht_1916_ru,1,undirected
storm_riew_1885_de,akunian_bittersuess_1891_de,23,undirected
storm_riew_1885_de,holz_hamlet_1889_de,1,undirected
storm_riew_1885_de,keyserling_beatemareile_1903_de,37,undirected
storm_riew_1885_de,kraft_medizinmann_1896_de,2,undirected
storm_riew_1885_de,storm_basch_1887_de,64,undirected
storm_riew_1885_de,storm_doppelgaenger_1887_de,110,undirected
storm_riew_1885_de,storm_schimmelreiter_1888_de,110,undirected
storm_schimmelreiter_1888_de,holz_hamlet_1889_de,2,undirected
storm_schimmelreiter_1888_de,stifter_studienhaidedorf_1840_de,1,undirected
storm_schimmelreiter_1888_de,storm_basch_1887_de,73,undirected
storm_schimmelreiter_1888_de,storm_doppelgaenger_1887_de,73,undirected
storm_schimmelreiter_1888_de,storm_riew_1885_de,110,undirected
storm_schimmelreiter_1888_de,strindberg_inselbauern_1918_sca,4,undirected
storm_schimmelreiter_1888_de,tolstoy_herrknecht_1916_ru,42,undirected
strindberg_inselbauern_1918_sca,flaubert_bovary_1857_fra,2,undirected
strindberg_inselbauern_1918_sca,flaubert_salambo_1863_fra,5,undirected
strindberg_inselbauern_1918_sca,flaubert_schlichtes_1877_fra,5,undirected
strindberg_inselbauern_1918_sca,hamsun_sklaven_1922_sca,56,undirected
strindberg_inselbauern_1918_sca,hesse_rad_1906_de,1,undirected
strindberg_inselbauern_1918_sca,lasswitz_planeten02_1897_de,1,undirected
strindberg_inselbauern_1918_sca,polenz_buettnerbauer_1895_de,77,undirected
strindberg_inselbauern_1918_sca,schubin_vollmondzauber02_1899_de,1,undirected
strindberg_inselbauern_1918_sca,storm_schimmelreiter_1888_de,4,undirected
strindberg_inselbauern_1918_sca,strindberg_magd_1921_sca,120,undirected
strindberg_inselbauern_1918_sca,tolstoy_herrknecht_1916_ru,42,undirected
strindberg_magd_1921_sca,hamsun_weiber_1922_sca,7,undirected
strindberg_magd_1921_sca,hesse_rad_1906_de,27,undirected
strindberg_magd_1921_sca,kretzer_timpe_1888_de,8,undirected
strindberg_magd_1921_sca,musil_mann1_1930_de,14,undirected
strindberg_magd_1921_sca,polenz_buettnerbauer_1895_de,7,undirected
strindberg_magd_1921_sca,stifter_buntesteine_1853_de,6,undirected
strindberg_magd_1921_sca,strindberg_inselbauern_1918_sca,120,undirected
strindberg_magd_1921_sca,wassermann_spiegel_1911_de,9,undirected
strindberg_magd_1921_sca,wassermann_vierzig_1913_de,1,undirected
sturza_geluebde_1905_de,akunian_fluegel_1895_de,14,undirected
sturza_geluebde_1905_de,altenberg_prodromos_1906_de,61,undirected
sturza_geluebde_1905_de,andreas_fenitschka_1898_de,3,undirected
sturza_geluebde_1905_de,dickens_copperfield_1850_en,8,undirected
sturza_geluebde_1905_de,flaubert_november_1842_fra,6,undirected
sturza_geluebde_1905_de,goethe_wahlverwandtschaften_1809_de,3,undirected
sturza_geluebde_1905_de,goethe_werther_1787_de,1,undirected
sturza_geluebde_1905_de,heiberg_charaktere_1901_de,7,undirected
sturza_geluebde_1905_de,heiberg_frau_1886_de,4,undirected
sturza_geluebde_1905_de,heiberg_todsunden_1891_de,1,undirected
sturza_geluebde_1905_de,schnitzler_else_1924_de,2,undirected
sturza_geluebde_1905_de,tolstoy_romanehe_1921_ru,4,undirected
sturza_geluebde_1905_de,walser_jakob_1909_de,40,undirected
tolstoy_anna_1920_ru,dickens_weihnachts_1843_en,1,undirected
tolstoy_anna_1920_ru,dostoevskij_idiot_1889_ru,30,undirected
tolstoy_anna_1920_ru,dostoevskij_verbrechen_1882_ru,25,undirected
tolstoy_anna_1920_ru,goethe_meisterlehr_1796_de,1,undirected
tolstoy_anna_1920_ru,goethe_wahlverwandtschaften_1809_de,2,undirected
tolstoy_anna_1920_ru,heiberg_charaktere_1901_de,4,undirected
tolstoy_anna_1920_ru,heiberg_frau_1886_de,11,undirected
tolstoy_anna_1920_ru,kleist_marquise_1808_de,1,undirected
tolstoy_anna_1920_ru,musil_toerless_1906_de,2,undirected
tolstoy_anna_1920_ru,tolstoy_romanehe_1921_ru,66,undirected
tolstoy_herrknecht_1916_ru,flaubert_bovary_1857_fra,2,undirected
tolstoy_herrknecht_1916_ru,hauptmann_bahnwaerter_1892_de,12,undirected
tolstoy_herrknecht_1916_ru,hesse_rad_1906_de,3,undirected
tolstoy_herrknecht_1916_ru,kafka_verwandlung_1915_de,1,undirected
tolstoy_herrknecht_1916_ru,spyri_heidibrauchen_1881_de,1,undirected
tolstoy_herrknecht_1916_ru,spyri_heidilehr_1880_de,12,undirected
tolstoy_herrknecht_1916_ru,storm_basch_1887_de,5,undirected
tolstoy_herrknecht_1916_ru,storm_doppelgaenger_1887_de,1,undirected
tolstoy_herrknecht_1916_ru,storm_schimmelreiter_1888_de,42,undirected
tolstoy_herrknecht_1916_ru,strindberg_inselbauern_1918_sca,42,undirected
tolstoy_romanehe_1921_ru,andreas_fenitschka_1898_de,10,undirected
tolstoy_romanehe_1921_ru,dickens_copperfield_1850_en,31,undirected
tolstoy_romanehe_1921_ru,dostoevskij_verbrechen_1882_ru,88,undirected
tolstoy_romanehe_1921_ru,flaubert_november_1842_fra,30,undirected
tolstoy_romanehe_1921_ru,hagenauer_muspilli_1900_de,20,undirected
tolstoy_romanehe_1921_ru,sturza_geluebde_1905_de,4,undirected
tolstoy_romanehe_1921_ru,tolstoy_anna_1920_ru,66,undirected
walser_gehuelfe_1908_de,hamsun_weiber_1922_sca,2,undirected
walser_gehuelfe_1908_de,musil_mann1_1930_de,4,undirected
walser_gehuelfe_1908_de,walser_geschwister_1907_de,91,undirected
walser_gehuelfe_1908_de,walser_jakob_1909_de,50,undirected
walser_gehuelfe_1908_de,walser_prosastücke_1917_de,4,undirected
walser_gehuelfe_1908_de,walser_schlacht_1908_de,9,undirected
walser_gehuelfe_1908_de,walser_spaziergang_1917_de,16,undirected
walser_geschwister_1907_de,kafka_bau_1928_de,1,undirected
walser_geschwister_1907_de,kafka_betrachtung_1912_de,1,undirected
walser_geschwister_1907_de,walser_gehuelfe_1908_de,91,undirected
walser_geschwister_1907_de,walser_jakob_1909_de,113,undirected
walser_geschwister_1907_de,walser_kleine_1914_de,78,undirected
walser_geschwister_1907_de,walser_prosastücke_1917_de,15,undirected
walser_geschwister_1907_de,walser_spaziergang_1917_de,1,undirected
walser_jakob_1909_de,akunian_fluegel_1895_de,8,undirected
walser_jakob_1909_de,altenberg_prodromos_1906_de,3,undirected
walser_jakob_1909_de,andreas_fenitschka_1898_de,3,undirected
walser_jakob_1909_de,bierbaum_stilpe_1897_de,12,undirected
walser_jakob_1909_de,brod_stunde_1916_de,6,undirected
walser_jakob_1909_de,conradi_adam_1889_de,13,undirected
walser_jakob_1909_de,dery_liebe_1896_de,12,undirected
walser_jakob_1909_de,einstein_bebuquin_1912_de,16,undirected
walser_jakob_1909_de,goethe_werther_1787_de,1,undirected
walser_jakob_1909_de,may_kurdistan_1892_de,1,undirected
walser_jakob_1909_de,may_wuste_1892_de,1,undirected
walser_jakob_1909_de,reventlow_dames_1913_de,30,undirected
walser_jakob_1909_de,schnitzler_else_1924_de,101,undirected
walser_jakob_1909_de,sturza_geluebde_1905_de,40,undirected
walser_jakob_1909_de,walser_gehuelfe_1908_de,50,undirected
walser_jakob_1909_de,walser_geschwister_1907_de,113,undirected
walser_jakob_1909_de,walser_kleine_1914_de,6,undirected
walser_jakob_1909_de,walser_spaziergang_1917_de,31,undirected
walser_kleine_1914_de,bonsels_himmelsvolk_1915_de,12,undirected
walser_kleine_1914_de,dery_liebe_1896_de,27,undirected
walser_kleine_1914_de,einstein_bebuquin_1912_de,7,undirected
walser_kleine_1914_de,flaubert_november_1842_fra,7,undirected
walser_kleine_1914_de,walser_geschwister_1907_de,78,undirected
walser_kleine_1914_de,walser_jakob_1909_de,6,undirected
walser_kleine_1914_de,walser_prosastücke_1917_de,73,undirected
walser_kleine_1914_de,walser_schlacht_1908_de,4,undirected
walser_kleine_1914_de,walser_spaziergang_1917_de,70,undirected
walser_prosastücke_1917_de,stifter_studienhaidedorf_1840_de,1,undirected
walser_prosastücke_1917_de,walser_gehuelfe_1908_de,4,undirected
walser_prosastücke_1917_de,walser_geschwister_1907_de,15,undirected
walser_prosastücke_1917_de,walser_kleine_1914_de,73,undirected
walser_prosastücke_1917_de,walser_spaziergang_1917_de,115,undirected
walser_schlacht_1908_de,flaubert_legende_1877_fra,2,undirected
walser_schlacht_1908_de,flaubert_salambo_1863_fra,47,undirected
walser_schlacht_1908_de,flaubert_schlichtes_1877_fra,5,undirected
walser_schlacht_1908_de,heyking_erzaehlungen_1918_de,40,undirected
walser_schlacht_1908_de,musil_haus_1908_de,10,undirected
walser_schlacht_1908_de,musil_mann1_1930_de,1,undirected
walser_schlacht_1908_de,walser_gehuelfe_1908_de,9,undirected
walser_schlacht_1908_de,walser_kleine_1914_de,4,undirected
walser_schlacht_1908_de,wassermann_spiegel_1911_de,6,undirected
walser_spaziergang_1917_de,walser_gehuelfe_1908_de,16,undirected
walser_spaziergang_1917_de,walser_geschwister_1907_de,1,undirected
walser_spaziergang_1917_de,walser_jakob_1909_de,31,undirected
walser_spaziergang_1917_de,walser_kleine_1914_de,70,undirected
walser_spaziergang_1917_de,walser_prosastücke_1917_de,115,undirected
wassermann_moloch_1902_de,dickens_twist_1838_en,6,undirected
wassermann_moloch_1902_de,dickens_weihnachts_1843_en,2,undirected
wassermann_moloch_1902_de,doeblin_butterblume_1913_de,54,undirected
wassermann_moloch_1902_de,flaubert_schule_1870_fra,2,undirected
wassermann_moloch_1902_de,hauptmann_bahnwaerter_1892_de,5,undirected
wassermann_moloch_1902_de,keyserling_beatemareile_1903_de,2,undirected
wassermann_moloch_1902_de,schnitzler_traumnovelle_1926_de,35,undirected
wassermann_moloch_1902_de,schubin_vollmondzauber02_1899_de,1,undirected
wassermann_moloch_1902_de,wassermann_spiegel_1911_de,14,undirected
wassermann_moloch_1902_de,wassermann_vierzig_1913_de,93,undirected
wassermann_spiegel_1911_de,bonsels_himmelsvolk_1915_de,1,undirected
wassermann_spiegel_1911_de,bonsels_indien_1916_de,24,undirected
wassermann_spiegel_1911_de,einstein_bebuquin_1912_de,27,undirected
wassermann_spiegel_1911_de,flaubert_herodias_1877_fra,2,undirected
wassermann_spiegel_1911_de,flaubert_legende_1877_fra,5,undirected
wassermann_spiegel_1911_de,flaubert_salambo_1863_fra,1,undirected
wassermann_spiegel_1911_de,flaubert_schlichtes_1877_fra,1,undirected
wassermann_spiegel_1911_de,flaubert_schule_1870_fra,2,undirected
wassermann_spiegel_1911_de,keller_sinngedicht_1882_de,1,undirected
wassermann_spiegel_1911_de,mann_venedig_1913_de,81,undirected
wassermann_spiegel_1911_de,meyer_borgia_1891_de,5,undirected
wassermann_spiegel_1911_de,strindberg_magd_1921_sca,9,undirected
wassermann_spiegel_1911_de,walser_schlacht_1908_de,6,undirected
wassermann_spiegel_1911_de,wassermann_moloch_1902_de,14,undirected
wassermann_spiegel_1911_de,wassermann_vierzig_1913_de,120,undirected
wassermann_vierzig_1913_de,doeblin_butterblume_1913_de,1,undirected
wassermann_vierzig_1913_de,flaubert_schlichtes_1877_fra,17,undirected
wassermann_vierzig_1913_de,flaubert_schule_1870_fra,1,undirected
wassermann_vierzig_1913_de,mann_venedig_1913_de,1,undirected
wassermann_vierzig_1913_de,musil_haus_1908_de,3,undirected
wassermann_vierzig_1913_de,schnitzler_casanova_1918_de,3,undirected
wassermann_vierzig_1913_de,strindberg_magd_1921_sca,1,undirected
wassermann_vierzig_1913_de,wassermann_moloch_1902_de,93,undirected
wassermann_vierzig_1913_de,wassermann_spiegel_1911_de,120,undirected
