"source","target","weight"
"spyri_heidibrauchen_1881.txt","walser_geschwister_1907.txt",10
"spyri_heidibrauchen_1881.txt","fontane_irrungen_1888.txt",9
"spyri_heidibrauchen_1881.txt","goethe_werther.txt",8
"spyri_heidibrauchen_1881.txt","spyri_heidilehr_1880.txt",7
"spyri_heidibrauchen_1881.txt","walser_prosastücke_1917.txt",6
"spyri_heidibrauchen_1881.txt","goethe_wander.txt",5
"spyri_heidibrauchen_1881.txt","fontane_stechlin_1899.txt",4
"spyri_heidibrauchen_1881.txt","goethe_wahlverwandtschaften.txt",3
"spyri_heidibrauchen_1881.txt","goethe_lehr.txt",2
"spyri_heidibrauchen_1881.txt","hesse_knulp_1915.txt",1
"andreas_fenitschka_1898.txt","reventlow_dames_1913.txt",10
"andreas_fenitschka_1898.txt","may_kurdistan_1892.txt",9
"andreas_fenitschka_1898.txt","dostoevskij_idiot.txt",8
"andreas_fenitschka_1898.txt","kafka_urteil_1913.txt",7
"andreas_fenitschka_1898.txt","may_wuste_1892.txt",6
"andreas_fenitschka_1898.txt","may_winnetou_1893.txt",5
"andreas_fenitschka_1898.txt","spyri_heidilehr_1880.txt",4
"andreas_fenitschka_1898.txt","fontane_briest_1896.txt",3
"andreas_fenitschka_1898.txt","kafka_prozess_1925.txt",2
"andreas_fenitschka_1898.txt","hesse_knulp_1915.txt",1
"achleitner_celsissimus_1901.txt","achleitner_bergrichters_1900.txt",10
"achleitner_celsissimus_1901.txt","lasswitz_planeten02_1897.txt",9
"achleitner_celsissimus_1901.txt","raabe_odfeld_1889.txt",8
"achleitner_celsissimus_1901.txt","mann_venedig_1913.txt",7
"achleitner_celsissimus_1901.txt","achleitner_tann_1897.txt",6
"achleitner_celsissimus_1901.txt","schubin_etiquette_1887.txt",5
"achleitner_celsissimus_1901.txt","walser_Schlacht_1908.txt",4
"achleitner_celsissimus_1901.txt","strindberg_inselbauern_1918.txt",3
"achleitner_celsissimus_1901.txt","eschstruth_katz_1886.txt",2
"achleitner_celsissimus_1901.txt","schubin_vollmondzauber02_1899.txt",1
"may_kurdistan_1892.txt","may_wuste_1892.txt",10
"may_kurdistan_1892.txt","andreas_fenitschka_1898.txt",9
"may_kurdistan_1892.txt","kafka_urteil_1913.txt",8
"may_kurdistan_1892.txt","may_winnetou_1893.txt",7
"may_kurdistan_1892.txt","dostoevskij_idiot.txt",6
"may_kurdistan_1892.txt","conradi_adam_1889.txt",5
"may_kurdistan_1892.txt","reventlow_dames_1913.txt",4
"may_kurdistan_1892.txt","goethe_faust1.txt",3
"may_kurdistan_1892.txt","kafka_schloss_1925.txt",2
"may_kurdistan_1892.txt","kafka_prozess_1925.txt",1
"doeblin_butterblume_1913.txt","grillparzer_kloster_1827.txt",10
"doeblin_butterblume_1913.txt","flaubert_legende_1877.txt",9
"doeblin_butterblume_1913.txt","hauptmann_bahnwaerter_1892.txt",8
"doeblin_butterblume_1913.txt","flaubert_salambo_1863.txt",7
"doeblin_butterblume_1913.txt","flaubert_schlichtes_1877.txt",6
"doeblin_butterblume_1913.txt","wassermann_spiegel_1911.txt",5
"doeblin_butterblume_1913.txt","flaubert_herodias_1877.txt",4
"doeblin_butterblume_1913.txt","meyer_borgia_1891.txt",3
"doeblin_butterblume_1913.txt","meyer_monchs_1884.txt",2
"doeblin_butterblume_1913.txt","einstein_bebuquin_1912.txt",1
"wassermann_spiegel_1911.txt","meyer_borgia_1891.txt",10
"wassermann_spiegel_1911.txt","grillparzer_kloster_1827.txt",9
"wassermann_spiegel_1911.txt","hauptmann_bahnwaerter_1892.txt",8
"wassermann_spiegel_1911.txt","meyer_monchs_1884.txt",7
"wassermann_spiegel_1911.txt","doeblin_butterblume_1913.txt",6
"wassermann_spiegel_1911.txt","flaubert_legende_1877.txt",5
"wassermann_spiegel_1911.txt","flaubert_schlichtes_1877.txt",4
"wassermann_spiegel_1911.txt","schubin_etiquette_1887.txt",3
"wassermann_spiegel_1911.txt","flaubert_herodias_1877.txt",2
"wassermann_spiegel_1911.txt","einstein_bebuquin_1912.txt",1
"musil_mann.txt","bonsels_himmelsvolk_1915.txt",10
"musil_mann.txt","brod_beer_1912.txt",9
"musil_mann.txt","keller_sinngedicht_1882.txt",8
"musil_mann.txt","walser_gehuelfe_1908.txt",7
"musil_mann.txt","lasswitz_seife_1890.txt",6
"musil_mann.txt","dickens_weihnachts_1843.txt",5
"musil_mann.txt","heiberg_grevinde_1898.txt",4
"musil_mann.txt","mann_zauberberg_1924.txt",3
"musil_mann.txt","schnitzler_casanova_1918.txt",2
"musil_mann.txt","mann_tonio_1903.txt",1
"musil_toerless.txt","kafka_prozess_1925.txt",10
"musil_toerless.txt","storm_doppelgaenger_1887.txt",9
"musil_toerless.txt","schnitzler_tanzerin_1905.txt",8
"musil_toerless.txt","schnitzler_traumnovelle_1926.txt",7
"musil_toerless.txt","schreiner_halket_1898.txt",6
"musil_toerless.txt","may_wuste_1892.txt",5
"musil_toerless.txt","conradi_adam_1889.txt",4
"musil_toerless.txt","dostoevskij_idiot.txt",3
"musil_toerless.txt","kafka_schloss_1925.txt",2
"musil_toerless.txt","dostoevskij_verbrechen Kopie.txt",1
"altenberg_prodromos_1906.txt","hoffmann_zaches.txt",10
"altenberg_prodromos_1906.txt","lasswitz_seife_1890.txt",9
"altenberg_prodromos_1906.txt","bonsels_himmelsvolk_1915.txt",8
"altenberg_prodromos_1906.txt","preuschen_yoshiwara_1920.txt",7
"altenberg_prodromos_1906.txt","walser_gehuelfe_1908.txt",6
"altenberg_prodromos_1906.txt","heiberg_grevinde_1898.txt",5
"altenberg_prodromos_1906.txt","fontane_wuthenow_1883.txt",4
"altenberg_prodromos_1906.txt","lasswitz_planeten01_1897.txt",3
"altenberg_prodromos_1906.txt","goethe_faust2.txt",2
"altenberg_prodromos_1906.txt","falke_durchschnitt_1892.txt",1
"bonsels_indien_1916.txt","grillparzer_spielmann_1847.txt",10
"bonsels_indien_1916.txt","hagenauer_muspilli_1900.txt",9
"bonsels_indien_1916.txt","flaubert_november_1842.txt",8
"bonsels_indien_1916.txt","kafka_kuebelreiter_1917.txt",7
"bonsels_indien_1916.txt","brodkafka_samuel_1912.txt",6
"bonsels_indien_1916.txt","kafka_landarzt_1920.txt",5
"bonsels_indien_1916.txt","meissner_prinzessin_1882.txt",4
"bonsels_indien_1916.txt","hoffmann_nacht.txt",3
"bonsels_indien_1916.txt","brod_stunde_1916.txt",2
"bonsels_indien_1916.txt","raabe_akten_1896.txt",1
"heyking_erzaehlungen_1918.txt","lasswitz_planeten01_1897.txt",10
"heyking_erzaehlungen_1918.txt","keller_sinngedicht_1882.txt",9
"heyking_erzaehlungen_1918.txt","hoffmann_topf.txt",8
"heyking_erzaehlungen_1918.txt","hoffmann_zaches.txt",7
"heyking_erzaehlungen_1918.txt","schnitzler_casanova_1918.txt",6
"heyking_erzaehlungen_1918.txt","meissner_prinzessin_1882.txt",5
"heyking_erzaehlungen_1918.txt","kretzer_timpe_1888.txt",4
"heyking_erzaehlungen_1918.txt","lasswitz_seife_1890.txt",3
"heyking_erzaehlungen_1918.txt","storm_basch_1887.txt",2
"heyking_erzaehlungen_1918.txt","goethe_farbenlehre.txt",1
"falke_nebel_1899.txt","dickens_weihnachts_1843.txt",10
"falke_nebel_1899.txt","walser_gehuelfe_1908.txt",9
"falke_nebel_1899.txt","preuschen_yoshiwara_1920.txt",8
"falke_nebel_1899.txt","goethe_lehr.txt",7
"falke_nebel_1899.txt","heiberg_charaktere_1901.txt",6
"falke_nebel_1899.txt","bonsels_maja_1912.txt",5
"falke_nebel_1899.txt","sturza_geluebde_1905.txt",4
"falke_nebel_1899.txt","goethe_wahlverwandtschaften.txt",3
"falke_nebel_1899.txt","bierbaum_stilpe_1897.txt",2
"falke_nebel_1899.txt","sapper_pfaffling_1907.txt",1
"schreiner_halket_1898.txt","schnitzler_traumnovelle_1926.txt",10
"schreiner_halket_1898.txt","storm_riew_1885.txt",9
"schreiner_halket_1898.txt","tolstoy_herr_1916.txt",8
"schreiner_halket_1898.txt","dickens_twist_1111.txt",7
"schreiner_halket_1898.txt","kraft_medizinmann_1896.txt",6
"schreiner_halket_1898.txt","heiberg_frau_1886.txt",5
"schreiner_halket_1898.txt","storm_schimmelreiter_1888.txt",4
"schreiner_halket_1898.txt","kafka_verwandlung_1915.txt",3
"schreiner_halket_1898.txt","storm_doppelgaenger_1887.txt",2
"schreiner_halket_1898.txt","dickens_zwei_1859.txt",1
"kretzer_timpe_1888.txt","schubin_vollmondzauber01_1899.txt",10
"kretzer_timpe_1888.txt","polenz_buettnerbauer_1895.txt",9
"kretzer_timpe_1888.txt","mann_zauberberg_1924.txt",8
"kretzer_timpe_1888.txt","storm_basch_1887.txt",7
"kretzer_timpe_1888.txt","schnitzler_casanova_1918.txt",6
"kretzer_timpe_1888.txt","dickens_zwei_1859.txt",5
"kretzer_timpe_1888.txt","keyserling_beatemareile_1903.txt",4
"kretzer_timpe_1888.txt","mann_tonio_1903.txt",3
"kretzer_timpe_1888.txt","lasswitz_planeten01_1897.txt",2
"kretzer_timpe_1888.txt","falke_durchschnitt_1892.txt",1
"holz_hamlet_1889.txt","hamsun_sklaven_1922.txt",10
"holz_hamlet_1889.txt","kraft_medizinmann_1896.txt",9
"holz_hamlet_1889.txt","dickens_twist_1111.txt",8
"holz_hamlet_1889.txt","dickens_zwei_1859.txt",7
"holz_hamlet_1889.txt","schnitzler_traumnovelle_1926.txt",6
"holz_hamlet_1889.txt","tolstoy_herr_1916.txt",5
"holz_hamlet_1889.txt","storm_schimmelreiter_1888.txt",4
"holz_hamlet_1889.txt","schubin_vollmondzauber02_1899.txt",3
"holz_hamlet_1889.txt","storm_riew_1885.txt",2
"holz_hamlet_1889.txt","schnitzler_tanzerin_1905.txt",1
"bonsels_himmelsvolk_1915.txt","walser_gehuelfe_1908.txt",10
"bonsels_himmelsvolk_1915.txt","musil_mann.txt",9
"bonsels_himmelsvolk_1915.txt","dickens_weihnachts_1843.txt",8
"bonsels_himmelsvolk_1915.txt","lasswitz_seife_1890.txt",7
"bonsels_himmelsvolk_1915.txt","brod_beer_1912.txt",6
"bonsels_himmelsvolk_1915.txt","heiberg_grevinde_1898.txt",5
"bonsels_himmelsvolk_1915.txt","keller_sinngedicht_1882.txt",4
"bonsels_himmelsvolk_1915.txt","preuschen_yoshiwara_1920.txt",3
"bonsels_himmelsvolk_1915.txt","fontane_wuthenow_1883.txt",2
"bonsels_himmelsvolk_1915.txt","goethe_lehr.txt",1
"hagenauer_muspilli_1900.txt","brod_stunde_1916.txt",10
"hagenauer_muspilli_1900.txt","grillparzer_spielmann_1847.txt",9
"hagenauer_muspilli_1900.txt","kafka_kuebelreiter_1917.txt",8
"hagenauer_muspilli_1900.txt","kafka_betrachtung_1912.txt",7
"hagenauer_muspilli_1900.txt","bonsels_indien_1916.txt",6
"hagenauer_muspilli_1900.txt","kafka_landarzt_1920.txt",5
"hagenauer_muspilli_1900.txt","hoffmann_nacht.txt",4
"hagenauer_muspilli_1900.txt","schnitzler_tanzerin_1905.txt",3
"hagenauer_muspilli_1900.txt","brodkafka_samuel_1912.txt",2
"hagenauer_muspilli_1900.txt","kraft_medizinmann_1896.txt",1
"may_winnetou_1893.txt","may_kurdistan_1892.txt",10
"may_winnetou_1893.txt","andreas_fenitschka_1898.txt",9
"may_winnetou_1893.txt","dostoevskij_idiot.txt",8
"may_winnetou_1893.txt","reventlow_dames_1913.txt",7
"may_winnetou_1893.txt","fontane_briest_1896.txt",6
"may_winnetou_1893.txt","kafka_urteil_1913.txt",5
"may_winnetou_1893.txt","walser_jakob_1909.txt",4
"may_winnetou_1893.txt","kafka_schloss_1925.txt",3
"may_winnetou_1893.txt","may_wuste_1892.txt",2
"may_winnetou_1893.txt","hesse_knulp_1915.txt",1
"akunian_bittersuess_1891.txt","heiberg_todsunden_1891.txt",10
"akunian_bittersuess_1891.txt","bonsels_maja_1912.txt",9
"akunian_bittersuess_1891.txt","akunian_fluegel_1895.txt",8
"akunian_bittersuess_1891.txt","sapper_dummerle_1905.txt",7
"akunian_bittersuess_1891.txt","conradi_adam_1889.txt",6
"akunian_bittersuess_1891.txt","sapper_vater_1915.txt",5
"akunian_bittersuess_1891.txt","bierbaum_stilpe_1897.txt",4
"akunian_bittersuess_1891.txt","tolstoy_anna1_1920.txt",3
"akunian_bittersuess_1891.txt","kafka_prozess_1925.txt",2
"akunian_bittersuess_1891.txt","heiberg_charaktere_1901.txt",1
"achleitner_tann_1897.txt","flaubert_salambo_1863.txt",10
"achleitner_tann_1897.txt","grillparzer_kloster_1827.txt",9
"achleitner_tann_1897.txt","achleitner_bergrichters_1900.txt",8
"achleitner_tann_1897.txt","schubin_etiquette_1887.txt",7
"achleitner_tann_1897.txt","achleitner_celsissimus_1901.txt",6
"achleitner_tann_1897.txt","hauptmann_bahnwaerter_1892.txt",5
"achleitner_tann_1897.txt","raabe_odfeld_1889.txt",4
"achleitner_tann_1897.txt","meyer_monchs_1884.txt",3
"achleitner_tann_1897.txt","wassermann_spiegel_1911.txt",2
"achleitner_tann_1897.txt","meyer_borgia_1891.txt",1
"bonsels_maja_1912.txt","sapper_dummerle_1905.txt",10
"bonsels_maja_1912.txt","tolstoy_anna1_1920.txt",9
"bonsels_maja_1912.txt","heiberg_todsunden_1891.txt",8
"bonsels_maja_1912.txt","akunian_bittersuess_1891.txt",7
"bonsels_maja_1912.txt","dickens_weihnachts_1843.txt",6
"bonsels_maja_1912.txt","bierbaum_stilpe_1897.txt",5
"bonsels_maja_1912.txt","heiberg_charaktere_1901.txt",4
"bonsels_maja_1912.txt","sapper_pfaffling_1907.txt",3
"bonsels_maja_1912.txt","sapper_vater_1915.txt",2
"bonsels_maja_1912.txt","brod_beer_1912.txt",1
"hesse_knulp_1915.txt","fontane_irrungen_1888.txt",10
"hesse_knulp_1915.txt","fontane_stechlin_1899.txt",9
"hesse_knulp_1915.txt","fontane_briest_1896.txt",8
"hesse_knulp_1915.txt","reventlow_dames_1913.txt",7
"hesse_knulp_1915.txt","spyri_heidilehr_1880.txt",6
"hesse_knulp_1915.txt","walser_geschwister_1907.txt",5
"hesse_knulp_1915.txt","goethe_werther.txt",4
"hesse_knulp_1915.txt","sapper_pfaffling_1907.txt",3
"hesse_knulp_1915.txt","andreas_fenitschka_1898.txt",2
"hesse_knulp_1915.txt","spyri_heidibrauchen_1881.txt",1
"dickens_copperfield_1111.txt","fontane_reise_1894.txt",10
"dickens_copperfield_1111.txt","raabe_stopfkuchen_1891.txt",9
"dickens_copperfield_1111.txt","raabe_akten_1896.txt",8
"dickens_copperfield_1111.txt","tolstoy_ehe_1921.txt",7
"dickens_copperfield_1111.txt","reventlow_dames_1913.txt",6
"dickens_copperfield_1111.txt","walser_jakob_1909.txt",5
"dickens_copperfield_1111.txt","fontane_briest_1896.txt",4
"dickens_copperfield_1111.txt","andreas_fenitschka_1898.txt",3
"dickens_copperfield_1111.txt","kafka_landarzt_1920.txt",2
"dickens_copperfield_1111.txt","spyri_heidilehr_1880.txt",1
"dickens_twist_1111.txt","tolstoy_herr_1916.txt",10
"dickens_twist_1111.txt","storm_schimmelreiter_1888.txt",9
"dickens_twist_1111.txt","kraft_medizinmann_1896.txt",8
"dickens_twist_1111.txt","schnitzler_traumnovelle_1926.txt",7
"dickens_twist_1111.txt","wassermann_moloch_1902.txt",6
"dickens_twist_1111.txt","dickens_zwei_1859.txt",5
"dickens_twist_1111.txt","hamsun_sklaven_1922.txt",4
"dickens_twist_1111.txt","storm_riew_1885.txt",3
"dickens_twist_1111.txt","schreiner_halket_1898.txt",2
"dickens_twist_1111.txt","kafka_strafkolonie_1919.txt",1
"dickens_weihnachts_1843.txt","walser_gehuelfe_1908.txt",10
"dickens_weihnachts_1843.txt","falke_nebel_1899.txt",9
"dickens_weihnachts_1843.txt","bonsels_himmelsvolk_1915.txt",8
"dickens_weihnachts_1843.txt","bonsels_maja_1912.txt",7
"dickens_weihnachts_1843.txt","brod_beer_1912.txt",6
"dickens_weihnachts_1843.txt","goethe_lehr.txt",5
"dickens_weihnachts_1843.txt","heiberg_grevinde_1898.txt",4
"dickens_weihnachts_1843.txt","preuschen_yoshiwara_1920.txt",3
"dickens_weihnachts_1843.txt","heiberg_charaktere_1901.txt",2
"dickens_weihnachts_1843.txt","tolstoy_anna1_1920.txt",1
"dickens_zwei_1859.txt","hamsun_sklaven_1922.txt",10
"dickens_zwei_1859.txt","storm_schimmelreiter_1888.txt",9
"dickens_zwei_1859.txt","kraft_medizinmann_1896.txt",8
"dickens_zwei_1859.txt","schnitzler_casanova_1918.txt",7
"dickens_zwei_1859.txt","tolstoy_herr_1916.txt",6
"dickens_zwei_1859.txt","hesse_Rad_1906.txt",5
"dickens_zwei_1859.txt","kretzer_timpe_1888.txt",4
"dickens_zwei_1859.txt","storm_basch_1887.txt",3
"dickens_zwei_1859.txt","heiberg_frau_1886.txt",2
"dickens_zwei_1859.txt","storm_riew_1885.txt",1
"brod_stunde_1916.txt","kafka_betrachtung_1912.txt",10
"brod_stunde_1916.txt","kafka_landarzt_1920.txt",9
"brod_stunde_1916.txt","hagenauer_muspilli_1900.txt",8
"brod_stunde_1916.txt","kafka_kuebelreiter_1917.txt",7
"brod_stunde_1916.txt","schnitzler_tanzerin_1905.txt",6
"brod_stunde_1916.txt","grillparzer_spielmann_1847.txt",5
"brod_stunde_1916.txt","kafka_verwandlung_1915.txt",4
"brod_stunde_1916.txt","musil_toerless.txt",3
"brod_stunde_1916.txt","storm_doppelgaenger_1887.txt",2
"brod_stunde_1916.txt","kraft_medizinmann_1896.txt",1
"brod_beer_1912.txt","heiberg_grevinde_1898.txt",10
"brod_beer_1912.txt","mann_tonio_1903.txt",9
"brod_beer_1912.txt","mann_tristan_1903.txt",8
"brod_beer_1912.txt","dickens_weihnachts_1843.txt",7
"brod_beer_1912.txt","flaubert_leidenschaft.txt",6
"brod_beer_1912.txt","walser_gehuelfe_1908.txt",5
"brod_beer_1912.txt","heiberg_todsunden_1891.txt",4
"brod_beer_1912.txt","sapper_kriegsbuchlein_1914.txt",3
"brod_beer_1912.txt","bonsels_himmelsvolk_1915.txt",2
"brod_beer_1912.txt","mann_zauberberg_1924.txt",1
"brodkafka_samuel_1912.txt","meissner_prinzessin_1882.txt",10
"brodkafka_samuel_1912.txt","raabe_akten_1896.txt",9
"brodkafka_samuel_1912.txt","fontane_wuthenow_1883.txt",8
"brodkafka_samuel_1912.txt","raabe_stopfkuchen_1891.txt",7
"brodkafka_samuel_1912.txt","kafka_landarzt_1920.txt",6
"brodkafka_samuel_1912.txt","flaubert_november_1842.txt",5
"brodkafka_samuel_1912.txt","fontane_reise_1894.txt",4
"brodkafka_samuel_1912.txt","lasswitz_seife_1890.txt",3
"brodkafka_samuel_1912.txt","keller_sinngedicht_1882.txt",2
"brodkafka_samuel_1912.txt","lasswitz_planeten01_1897.txt",1
"wassermann_moloch_1902.txt","wassermann_vierzig_1913.txt",10
"wassermann_moloch_1902.txt","meyer_richterin_1885.txt",9
"wassermann_moloch_1902.txt","strindberg_magd_1921.txt",8
"wassermann_moloch_1902.txt","meyer_borgia_1891.txt",7
"wassermann_moloch_1902.txt","flaubert_bovary_1857.txt",6
"wassermann_moloch_1902.txt","schubin_vollmondzauber02_1899.txt",5
"wassermann_moloch_1902.txt","hesse_Rad_1906.txt",4
"wassermann_moloch_1902.txt","dickens_twist_1111.txt",3
"wassermann_moloch_1902.txt","hauptmann_bahnwaerter_1892.txt",2
"wassermann_moloch_1902.txt","storm_schimmelreiter_1888.txt",1
"eschstruth_katz_1886.txt","mann_venedig_1913.txt",10
"eschstruth_katz_1886.txt","schubin_vollmondzauber01_1899.txt",9
"eschstruth_katz_1886.txt","keyserling_beatemareile_1903.txt",8
"eschstruth_katz_1886.txt","hoffmann_topf.txt",7
"eschstruth_katz_1886.txt","polenz_buettnerbauer_1895.txt",6
"eschstruth_katz_1886.txt","achleitner_celsissimus_1901.txt",5
"eschstruth_katz_1886.txt","storm_basch_1887.txt",4
"eschstruth_katz_1886.txt","flaubert_schule_1870.txt",3
"eschstruth_katz_1886.txt","schubin_etiquette_1887.txt",2
"eschstruth_katz_1886.txt","kretzer_timpe_1888.txt",1
"lasswitz_planeten02_1897.txt","achleitner_celsissimus_1901.txt",10
"lasswitz_planeten02_1897.txt","achleitner_bergrichters_1900.txt",9
"lasswitz_planeten02_1897.txt","raabe_odfeld_1889.txt",8
"lasswitz_planeten02_1897.txt","mann_venedig_1913.txt",7
"lasswitz_planeten02_1897.txt","strindberg_inselbauern_1918.txt",6
"lasswitz_planeten02_1897.txt","walser_Schlacht_1908.txt",5
"lasswitz_planeten02_1897.txt","eschstruth_katz_1886.txt",4
"lasswitz_planeten02_1897.txt","lasswitz_planeten01_1897.txt",3
"lasswitz_planeten02_1897.txt","schubin_etiquette_1887.txt",2
"lasswitz_planeten02_1897.txt","achleitner_tann_1897.txt",1
"bierbaum_stilpe_1897.txt","heiberg_todsunden_1891.txt",10
"bierbaum_stilpe_1897.txt","bonsels_maja_1912.txt",9
"bierbaum_stilpe_1897.txt","akunian_bittersuess_1891.txt",8
"bierbaum_stilpe_1897.txt","heiberg_charaktere_1901.txt",7
"bierbaum_stilpe_1897.txt","tolstoy_anna1_1920.txt",6
"bierbaum_stilpe_1897.txt","akunian_fluegel_1895.txt",5
"bierbaum_stilpe_1897.txt","sapper_dummerle_1905.txt",4
"bierbaum_stilpe_1897.txt","dickens_weihnachts_1843.txt",3
"bierbaum_stilpe_1897.txt","heiberg_grevinde_1898.txt",2
"bierbaum_stilpe_1897.txt","walser_gehuelfe_1908.txt",1
"lasswitz_seife_1890.txt","fontane_wuthenow_1883.txt",10
"lasswitz_seife_1890.txt","walser_gehuelfe_1908.txt",9
"lasswitz_seife_1890.txt","heiberg_grevinde_1898.txt",8
"lasswitz_seife_1890.txt","bonsels_himmelsvolk_1915.txt",7
"lasswitz_seife_1890.txt","altenberg_prodromos_1906.txt",6
"lasswitz_seife_1890.txt","keller_sinngedicht_1882.txt",5
"lasswitz_seife_1890.txt","lasswitz_planeten01_1897.txt",4
"lasswitz_seife_1890.txt","sapper_kriegsbuchlein_1914.txt",3
"lasswitz_seife_1890.txt","hoffmann_zaches.txt",2
"lasswitz_seife_1890.txt","musil_mann.txt",1
"schubin_vollmondzauber02_1899.txt","schubin_etiquette_1887.txt",10
"schubin_vollmondzauber02_1899.txt","flaubert_bovary_1857.txt",9
"schubin_vollmondzauber02_1899.txt","hesse_Rad_1906.txt",8
"schubin_vollmondzauber02_1899.txt","flaubert_schule_1870.txt",7
"schubin_vollmondzauber02_1899.txt","schubin_vollmondzauber01_1899.txt",6
"schubin_vollmondzauber02_1899.txt","strindberg_inselbauern_1918.txt",5
"schubin_vollmondzauber02_1899.txt","strindberg_magd_1921.txt",4
"schubin_vollmondzauber02_1899.txt","hauptmann_bahnwaerter_1892.txt",3
"schubin_vollmondzauber02_1899.txt","raabe_odfeld_1889.txt",2
"schubin_vollmondzauber02_1899.txt","wassermann_moloch_1902.txt",1
"hamsun_weiber_1922.txt","akunian_fluegel_1895.txt",10
"hamsun_weiber_1922.txt","sturza_geluebde_1905.txt",9
"hamsun_weiber_1922.txt","sapper_vater_1915.txt",8
"hamsun_weiber_1922.txt","tolstoy_anna1_1920.txt",7
"hamsun_weiber_1922.txt","sapper_pfaffling_1907.txt",6
"hamsun_weiber_1922.txt","sapper_dummerle_1905.txt",5
"hamsun_weiber_1922.txt","heiberg_charaktere_1901.txt",4
"hamsun_weiber_1922.txt","akunian_bittersuess_1891.txt",3
"hamsun_weiber_1922.txt","bonsels_maja_1912.txt",2
"hamsun_weiber_1922.txt","bierbaum_stilpe_1897.txt",1
"hamsun_sklaven_1922.txt","dickens_zwei_1859.txt",10
"hamsun_sklaven_1922.txt","tolstoy_herr_1916.txt",9
"hamsun_sklaven_1922.txt","kraft_medizinmann_1896.txt",8
"hamsun_sklaven_1922.txt","storm_riew_1885.txt",7
"hamsun_sklaven_1922.txt","storm_schimmelreiter_1888.txt",6
"hamsun_sklaven_1922.txt","schnitzler_traumnovelle_1926.txt",5
"hamsun_sklaven_1922.txt","dickens_twist_1111.txt",4
"hamsun_sklaven_1922.txt","meissner_prinzessin_1882.txt",3
"hamsun_sklaven_1922.txt","schnitzler_tanzerin_1905.txt",2
"hamsun_sklaven_1922.txt","storm_doppelgaenger_1887.txt",1
"strindberg_magd_1921.txt","hesse_Rad_1906.txt",10
"strindberg_magd_1921.txt","schubin_vollmondzauber02_1899.txt",9
"strindberg_magd_1921.txt","wassermann_moloch_1902.txt",8
"strindberg_magd_1921.txt","schubin_vollmondzauber01_1899.txt",7
"strindberg_magd_1921.txt","flaubert_bovary_1857.txt",6
"strindberg_magd_1921.txt","meyer_pescara_1887.txt",5
"strindberg_magd_1921.txt","flaubert_schule_1870.txt",4
"strindberg_magd_1921.txt","dickens_zwei_1859.txt",3
"strindberg_magd_1921.txt","mann_zauberberg_1924.txt",2
"strindberg_magd_1921.txt","kretzer_timpe_1888.txt",1
"strindberg_inselbauern_1918.txt","raabe_odfeld_1889.txt",10
"strindberg_inselbauern_1918.txt","schubin_vollmondzauber02_1899.txt",9
"strindberg_inselbauern_1918.txt","hesse_Rad_1906.txt",8
"strindberg_inselbauern_1918.txt","storm_basch_1887.txt",7
"strindberg_inselbauern_1918.txt","walser_Schlacht_1908.txt",6
"strindberg_inselbauern_1918.txt","achleitner_bergrichters_1900.txt",5
"strindberg_inselbauern_1918.txt","dickens_zwei_1859.txt",4
"strindberg_inselbauern_1918.txt","schubin_etiquette_1887.txt",3
"strindberg_inselbauern_1918.txt","hoffmann_nacht.txt",2
"strindberg_inselbauern_1918.txt","storm_schimmelreiter_1888.txt",1
"achleitner_bergrichters_1900.txt","achleitner_celsissimus_1901.txt",10
"achleitner_bergrichters_1900.txt","raabe_odfeld_1889.txt",9
"achleitner_bergrichters_1900.txt","achleitner_tann_1897.txt",8
"achleitner_bergrichters_1900.txt","strindberg_inselbauern_1918.txt",7
"achleitner_bergrichters_1900.txt","lasswitz_planeten02_1897.txt",6
"achleitner_bergrichters_1900.txt","walser_Schlacht_1908.txt",5
"achleitner_bergrichters_1900.txt","schubin_etiquette_1887.txt",4
"achleitner_bergrichters_1900.txt","schubin_vollmondzauber02_1899.txt",3
"achleitner_bergrichters_1900.txt","mann_venedig_1913.txt",2
"achleitner_bergrichters_1900.txt","grillparzer_kloster_1827.txt",1
"kraft_medizinmann_1896.txt","tolstoy_herr_1916.txt",10
"kraft_medizinmann_1896.txt","hamsun_sklaven_1922.txt",9
"kraft_medizinmann_1896.txt","dickens_zwei_1859.txt",8
"kraft_medizinmann_1896.txt","kafka_strafkolonie_1919.txt",7
"kraft_medizinmann_1896.txt","schnitzler_traumnovelle_1926.txt",6
"kraft_medizinmann_1896.txt","dickens_twist_1111.txt",5
"kraft_medizinmann_1896.txt","storm_schimmelreiter_1888.txt",4
"kraft_medizinmann_1896.txt","kafka_verwandlung_1915.txt",3
"kraft_medizinmann_1896.txt","schreiner_halket_1898.txt",2
"kraft_medizinmann_1896.txt","hesse_Rad_1906.txt",1
"schubin_etiquette_1887.txt","schubin_vollmondzauber02_1899.txt",10
"schubin_etiquette_1887.txt","raabe_odfeld_1889.txt",9
"schubin_etiquette_1887.txt","hauptmann_bahnwaerter_1892.txt",8
"schubin_etiquette_1887.txt","grillparzer_kloster_1827.txt",7
"schubin_etiquette_1887.txt","meyer_borgia_1891.txt",6
"schubin_etiquette_1887.txt","flaubert_bovary_1857.txt",5
"schubin_etiquette_1887.txt","meyer_monchs_1884.txt",4
"schubin_etiquette_1887.txt","wassermann_spiegel_1911.txt",3
"schubin_etiquette_1887.txt","hesse_Rad_1906.txt",2
"schubin_etiquette_1887.txt","flaubert_schule_1870.txt",1
"sapper_kriegsbuchlein_1914.txt","heiberg_grevinde_1898.txt",10
"sapper_kriegsbuchlein_1914.txt","brod_beer_1912.txt",9
"sapper_kriegsbuchlein_1914.txt","kretzer_timpe_1888.txt",8
"sapper_kriegsbuchlein_1914.txt","heiberg_frau_1886.txt",7
"sapper_kriegsbuchlein_1914.txt","mann_tonio_1903.txt",6
"sapper_kriegsbuchlein_1914.txt","mann_tristan_1903.txt",5
"sapper_kriegsbuchlein_1914.txt","dickens_zwei_1859.txt",4
"sapper_kriegsbuchlein_1914.txt","falke_durchschnitt_1892.txt",3
"sapper_kriegsbuchlein_1914.txt","lasswitz_seife_1890.txt",2
"sapper_kriegsbuchlein_1914.txt","mann_zauberberg_1924.txt",1
"heiberg_todsunden_1891.txt","akunian_bittersuess_1891.txt",10
"heiberg_todsunden_1891.txt","bonsels_maja_1912.txt",9
"heiberg_todsunden_1891.txt","heiberg_grevinde_1898.txt",8
"heiberg_todsunden_1891.txt","heiberg_frau_1886.txt",7
"heiberg_todsunden_1891.txt","bierbaum_stilpe_1897.txt",6
"heiberg_todsunden_1891.txt","tolstoy_anna1_1920.txt",5
"heiberg_todsunden_1891.txt","brod_beer_1912.txt",4
"heiberg_todsunden_1891.txt","sapper_dummerle_1905.txt",3
"heiberg_todsunden_1891.txt","heiberg_charaktere_1901.txt",2
"heiberg_todsunden_1891.txt","kafka_amerika_1925.txt",1
"polenz_buettnerbauer_1895.txt","schubin_vollmondzauber01_1899.txt",10
"polenz_buettnerbauer_1895.txt","keyserling_beatemareile_1903.txt",9
"polenz_buettnerbauer_1895.txt","falke_durchschnitt_1892.txt",8
"polenz_buettnerbauer_1895.txt","kretzer_timpe_1888.txt",7
"polenz_buettnerbauer_1895.txt","mann_zauberberg_1924.txt",6
"polenz_buettnerbauer_1895.txt","flaubert_schule_1870.txt",5
"polenz_buettnerbauer_1895.txt","storm_basch_1887.txt",4
"polenz_buettnerbauer_1895.txt","flaubert_bovary_1857.txt",3
"polenz_buettnerbauer_1895.txt","mann_tonio_1903.txt",2
"polenz_buettnerbauer_1895.txt","strindberg_magd_1921.txt",1
"storm_riew_1885.txt","hamsun_sklaven_1922.txt",10
"storm_riew_1885.txt","storm_doppelgaenger_1887.txt",9
"storm_riew_1885.txt","schnitzler_traumnovelle_1926.txt",8
"storm_riew_1885.txt","tolstoy_herr_1916.txt",7
"storm_riew_1885.txt","schreiner_halket_1898.txt",6
"storm_riew_1885.txt","heiberg_frau_1886.txt",5
"storm_riew_1885.txt","dickens_zwei_1859.txt",4
"storm_riew_1885.txt","storm_schimmelreiter_1888.txt",3
"storm_riew_1885.txt","schnitzler_tanzerin_1905.txt",2
"storm_riew_1885.txt","dickens_twist_1111.txt",1
"sapper_vater_1915.txt","akunian_fluegel_1895.txt",10
"sapper_vater_1915.txt","akunian_bittersuess_1891.txt",9
"sapper_vater_1915.txt","sapper_dummerle_1905.txt",8
"sapper_vater_1915.txt","tolstoy_anna1_1920.txt",7
"sapper_vater_1915.txt","sapper_pfaffling_1907.txt",6
"sapper_vater_1915.txt","bonsels_maja_1912.txt",5
"sapper_vater_1915.txt","hamsun_weiber_1922.txt",4
"sapper_vater_1915.txt","sturza_geluebde_1905.txt",3
"sapper_vater_1915.txt","heiberg_charaktere_1901.txt",2
"sapper_vater_1915.txt","conradi_adam_1889.txt",1
"conradi_adam_1889.txt","akunian_bittersuess_1891.txt",10
"conradi_adam_1889.txt","kafka_prozess_1925.txt",9
"conradi_adam_1889.txt","akunian_fluegel_1895.txt",8
"conradi_adam_1889.txt","heiberg_todsunden_1891.txt",7
"conradi_adam_1889.txt","kafka_urteil_1913.txt",6
"conradi_adam_1889.txt","sapper_vater_1915.txt",5
"conradi_adam_1889.txt","dostoevskij_idiot.txt",4
"conradi_adam_1889.txt","bierbaum_stilpe_1897.txt",3
"conradi_adam_1889.txt","bonsels_maja_1912.txt",2
"conradi_adam_1889.txt","sapper_dummerle_1905.txt",1
"sapper_pfaffling_1907.txt","heiberg_charaktere_1901.txt",10
"sapper_pfaffling_1907.txt","sapper_dummerle_1905.txt",9
"sapper_pfaffling_1907.txt","bonsels_maja_1912.txt",8
"sapper_pfaffling_1907.txt","tolstoy_anna1_1920.txt",7
"sapper_pfaffling_1907.txt","akunian_fluegel_1895.txt",6
"sapper_pfaffling_1907.txt","sturza_geluebde_1905.txt",5
"sapper_pfaffling_1907.txt","sapper_vater_1915.txt",4
"sapper_pfaffling_1907.txt","akunian_bittersuess_1891.txt",3
"sapper_pfaffling_1907.txt","goethe_lehr.txt",2
"sapper_pfaffling_1907.txt","dickens_weihnachts_1843.txt",1
"may_wuste_1892.txt","may_kurdistan_1892.txt",10
"may_wuste_1892.txt","dostoevskij_idiot.txt",9
"may_wuste_1892.txt","schnitzler_tanzerin_1905.txt",8
"may_wuste_1892.txt","storm_doppelgaenger_1887.txt",7
"may_wuste_1892.txt","andreas_fenitschka_1898.txt",6
"may_wuste_1892.txt","kafka_urteil_1913.txt",5
"may_wuste_1892.txt","conradi_adam_1889.txt",4
"may_wuste_1892.txt","kafka_prozess_1925.txt",3
"may_wuste_1892.txt","musil_toerless.txt",2
"may_wuste_1892.txt","kafka_amerika_1925.txt",1
"falke_durchschnitt_1892.txt","polenz_buettnerbauer_1895.txt",10
"falke_durchschnitt_1892.txt","keyserling_beatemareile_1903.txt",9
"falke_durchschnitt_1892.txt","mann_tristan_1903.txt",8
"falke_durchschnitt_1892.txt","schubin_vollmondzauber01_1899.txt",7
"falke_durchschnitt_1892.txt","mann_tonio_1903.txt",6
"falke_durchschnitt_1892.txt","kretzer_timpe_1888.txt",5
"falke_durchschnitt_1892.txt","mann_zauberberg_1924.txt",4
"falke_durchschnitt_1892.txt","meyer_pescara_1887.txt",3
"falke_durchschnitt_1892.txt","sapper_kriegsbuchlein_1914.txt",2
"falke_durchschnitt_1892.txt","flaubert_schule_1870.txt",1
"storm_schimmelreiter_1888.txt","tolstoy_herr_1916.txt",10
"storm_schimmelreiter_1888.txt","dickens_twist_1111.txt",9
"storm_schimmelreiter_1888.txt","dickens_zwei_1859.txt",8
"storm_schimmelreiter_1888.txt","hesse_Rad_1906.txt",7
"storm_schimmelreiter_1888.txt","kraft_medizinmann_1896.txt",6
"storm_schimmelreiter_1888.txt","hamsun_sklaven_1922.txt",5
"storm_schimmelreiter_1888.txt","storm_riew_1885.txt",4
"storm_schimmelreiter_1888.txt","storm_basch_1887.txt",3
"storm_schimmelreiter_1888.txt","wassermann_moloch_1902.txt",2
"storm_schimmelreiter_1888.txt","schubin_vollmondzauber02_1899.txt",1
"sturza_geluebde_1905.txt","heiberg_charaktere_1901.txt",10
"sturza_geluebde_1905.txt","akunian_fluegel_1895.txt",9
"sturza_geluebde_1905.txt","sapper_pfaffling_1907.txt",8
"sturza_geluebde_1905.txt","tolstoy_anna1_1920.txt",7
"sturza_geluebde_1905.txt","hamsun_weiber_1922.txt",6
"sturza_geluebde_1905.txt","sapper_vater_1915.txt",5
"sturza_geluebde_1905.txt","bonsels_maja_1912.txt",4
"sturza_geluebde_1905.txt","falke_nebel_1899.txt",3
"sturza_geluebde_1905.txt","sapper_dummerle_1905.txt",2
"sturza_geluebde_1905.txt","bierbaum_stilpe_1897.txt",1
"storm_basch_1887.txt","kretzer_timpe_1888.txt",10
"storm_basch_1887.txt","schubin_vollmondzauber01_1899.txt",9
"storm_basch_1887.txt","strindberg_inselbauern_1918.txt",8
"storm_basch_1887.txt","hesse_Rad_1906.txt",7
"storm_basch_1887.txt","dickens_zwei_1859.txt",6
"storm_basch_1887.txt","storm_schimmelreiter_1888.txt",5
"storm_basch_1887.txt","schubin_vollmondzauber02_1899.txt",4
"storm_basch_1887.txt","schnitzler_casanova_1918.txt",3
"storm_basch_1887.txt","polenz_buettnerbauer_1895.txt",2
"storm_basch_1887.txt","keyserling_beatemareile_1903.txt",1
"wassermann_vierzig_1913.txt","wassermann_moloch_1902.txt",10
"wassermann_vierzig_1913.txt","meyer_borgia_1891.txt",9
"wassermann_vierzig_1913.txt","meyer_richterin_1885.txt",8
"wassermann_vierzig_1913.txt","wassermann_spiegel_1911.txt",7
"wassermann_vierzig_1913.txt","strindberg_magd_1921.txt",6
"wassermann_vierzig_1913.txt","meyer_monchs_1884.txt",5
"wassermann_vierzig_1913.txt","hauptmann_bahnwaerter_1892.txt",4
"wassermann_vierzig_1913.txt","kafka_strafkolonie_1919.txt",3
"wassermann_vierzig_1913.txt","dickens_twist_1111.txt",2
"wassermann_vierzig_1913.txt","storm_schimmelreiter_1888.txt",1
"meyer_monchs_1884.txt","meyer_borgia_1891.txt",10
"meyer_monchs_1884.txt","grillparzer_kloster_1827.txt",9
"meyer_monchs_1884.txt","hauptmann_bahnwaerter_1892.txt",8
"meyer_monchs_1884.txt","wassermann_spiegel_1911.txt",7
"meyer_monchs_1884.txt","flaubert_herodias_1877.txt",6
"meyer_monchs_1884.txt","schubin_etiquette_1887.txt",5
"meyer_monchs_1884.txt","flaubert_schlichtes_1877.txt",4
"meyer_monchs_1884.txt","wassermann_moloch_1902.txt",3
"meyer_monchs_1884.txt","doeblin_butterblume_1913.txt",2
"meyer_monchs_1884.txt","schubin_vollmondzauber02_1899.txt",1
"meyer_borgia_1891.txt","meyer_monchs_1884.txt",10
"meyer_borgia_1891.txt","wassermann_spiegel_1911.txt",9
"meyer_borgia_1891.txt","grillparzer_kloster_1827.txt",8
"meyer_borgia_1891.txt","hauptmann_bahnwaerter_1892.txt",7
"meyer_borgia_1891.txt","schubin_etiquette_1887.txt",6
"meyer_borgia_1891.txt","flaubert_schlichtes_1877.txt",5
"meyer_borgia_1891.txt","flaubert_herodias_1877.txt",4
"meyer_borgia_1891.txt","wassermann_moloch_1902.txt",3
"meyer_borgia_1891.txt","doeblin_butterblume_1913.txt",2
"meyer_borgia_1891.txt","flaubert_legende_1877.txt",1
"meyer_richterin_1885.txt","wassermann_moloch_1902.txt",10
"meyer_richterin_1885.txt","wassermann_vierzig_1913.txt",9
"meyer_richterin_1885.txt","meyer_pescara_1887.txt",8
"meyer_richterin_1885.txt","dickens_twist_1111.txt",7
"meyer_richterin_1885.txt","meyer_borgia_1891.txt",6
"meyer_richterin_1885.txt","meyer_monchs_1884.txt",5
"meyer_richterin_1885.txt","flaubert_schule_1870.txt",4
"meyer_richterin_1885.txt","flaubert_bovary_1857.txt",3
"meyer_richterin_1885.txt","storm_schimmelreiter_1888.txt",2
"meyer_richterin_1885.txt","strindberg_magd_1921.txt",1
"meyer_pescara_1887.txt","mann_tristan_1903.txt",10
"meyer_pescara_1887.txt","schubin_vollmondzauber01_1899.txt",9
"meyer_pescara_1887.txt","mann_zauberberg_1924.txt",8
"meyer_pescara_1887.txt","flaubert_schule_1870.txt",7
"meyer_pescara_1887.txt","mann_tonio_1903.txt",6
"meyer_pescara_1887.txt","strindberg_magd_1921.txt",5
"meyer_pescara_1887.txt","flaubert_bovary_1857.txt",4
"meyer_pescara_1887.txt","keyserling_beatemareile_1903.txt",3
"meyer_pescara_1887.txt","heiberg_frau_1886.txt",2
"meyer_pescara_1887.txt","dickens_zwei_1859.txt",1
"keyserling_beatemareile_1903.txt","polenz_buettnerbauer_1895.txt",10
"keyserling_beatemareile_1903.txt","falke_durchschnitt_1892.txt",9
"keyserling_beatemareile_1903.txt","schubin_vollmondzauber01_1899.txt",8
"keyserling_beatemareile_1903.txt","kretzer_timpe_1888.txt",7
"keyserling_beatemareile_1903.txt","flaubert_schule_1870.txt",6
"keyserling_beatemareile_1903.txt","flaubert_bovary_1857.txt",5
"keyserling_beatemareile_1903.txt","meyer_pescara_1887.txt",4
"keyserling_beatemareile_1903.txt","storm_basch_1887.txt",3
"keyserling_beatemareile_1903.txt","mann_tristan_1903.txt",2
"keyserling_beatemareile_1903.txt","mann_tonio_1903.txt",1
"goethe_werther.txt","walser_geschwister_1907.txt",10
"goethe_werther.txt","fontane_stechlin_1899.txt",9
"goethe_werther.txt","fontane_irrungen_1888.txt",8
"goethe_werther.txt","spyri_heidilehr_1880.txt",7
"goethe_werther.txt","walser_prosastücke_1917.txt",6
"goethe_werther.txt","spyri_heidibrauchen_1881.txt",5
"goethe_werther.txt","hesse_knulp_1915.txt",4
"goethe_werther.txt","goethe_lehr.txt",3
"goethe_werther.txt","reventlow_dames_1913.txt",2
"goethe_werther.txt","goethe_faust1.txt",1
"goethe_farbenlehre.txt","hoffmann_zaches.txt",10
"goethe_farbenlehre.txt","heyking_erzaehlungen_1918.txt",9
"goethe_farbenlehre.txt","lasswitz_planeten01_1897.txt",8
"goethe_farbenlehre.txt","altenberg_prodromos_1906.txt",7
"goethe_farbenlehre.txt","lasswitz_seife_1890.txt",6
"goethe_farbenlehre.txt","keller_sinngedicht_1882.txt",5
"goethe_farbenlehre.txt","hoffmann_topf.txt",4
"goethe_farbenlehre.txt","fontane_wuthenow_1883.txt",3
"goethe_farbenlehre.txt","meissner_prinzessin_1882.txt",2
"goethe_farbenlehre.txt","bonsels_himmelsvolk_1915.txt",1
"goethe_wahlverwandtschaften.txt","goethe_lehr.txt",10
"goethe_wahlverwandtschaften.txt","walser_prosastücke_1917.txt",9
"goethe_wahlverwandtschaften.txt","walser_gehuelfe_1908.txt",8
"goethe_wahlverwandtschaften.txt","dickens_weihnachts_1843.txt",7
"goethe_wahlverwandtschaften.txt","falke_nebel_1899.txt",6
"goethe_wahlverwandtschaften.txt","heiberg_charaktere_1901.txt",5
"goethe_wahlverwandtschaften.txt","preuschen_yoshiwara_1920.txt",4
"goethe_wahlverwandtschaften.txt","walser_geschwister_1907.txt",3
"goethe_wahlverwandtschaften.txt","goethe_wander.txt",2
"goethe_wahlverwandtschaften.txt","bonsels_himmelsvolk_1915.txt",1
"goethe_italiensche.txt","walser_kleine_1914.txt",10
"goethe_italiensche.txt","flaubert_november_1842.txt",9
"goethe_italiensche.txt","walser_spaziergang_1917.txt",8
"goethe_italiensche.txt","goethe_wander.txt",7
"goethe_italiensche.txt","fontane_reise_1894.txt",6
"goethe_italiensche.txt","goethe_farbenlehre.txt",5
"goethe_italiensche.txt","brodkafka_samuel_1912.txt",4
"goethe_italiensche.txt","raabe_akten_1896.txt",3
"goethe_italiensche.txt","raabe_stopfkuchen_1891.txt",2
"goethe_italiensche.txt","fontane_wuthenow_1883.txt",1
"goethe_lehr.txt","goethe_wahlverwandtschaften.txt",10
"goethe_lehr.txt","walser_prosastücke_1917.txt",9
"goethe_lehr.txt","walser_gehuelfe_1908.txt",8
"goethe_lehr.txt","dickens_weihnachts_1843.txt",7
"goethe_lehr.txt","heiberg_charaktere_1901.txt",6
"goethe_lehr.txt","falke_nebel_1899.txt",5
"goethe_lehr.txt","bonsels_himmelsvolk_1915.txt",4
"goethe_lehr.txt","sapper_pfaffling_1907.txt",3
"goethe_lehr.txt","fontane_wuthenow_1883.txt",2
"goethe_lehr.txt","walser_geschwister_1907.txt",1
"goethe_wander.txt","fontane_wuthenow_1883.txt",10
"goethe_wander.txt","spyri_heidibrauchen_1881.txt",9
"goethe_wander.txt","walser_prosastücke_1917.txt",8
"goethe_wander.txt","walser_spaziergang_1917.txt",7
"goethe_wander.txt","walser_kleine_1914.txt",6
"goethe_wander.txt","goethe_wahlverwandtschaften.txt",5
"goethe_wander.txt","goethe_faust2.txt",4
"goethe_wander.txt","goethe_lehr.txt",3
"goethe_wander.txt","walser_geschwister_1907.txt",2
"goethe_wander.txt","goethe_werther.txt",1
"goethe_faust2.txt","fontane_wuthenow_1883.txt",10
"goethe_faust2.txt","altenberg_prodromos_1906.txt",9
"goethe_faust2.txt","walser_gehuelfe_1908.txt",8
"goethe_faust2.txt","goethe_wander.txt",7
"goethe_faust2.txt","goethe_faust1.txt",6
"goethe_faust2.txt","lasswitz_seife_1890.txt",5
"goethe_faust2.txt","goethe_wahlverwandtschaften.txt",4
"goethe_faust2.txt","goethe_lehr.txt",3
"goethe_faust2.txt","hoffmann_zaches.txt",2
"goethe_faust2.txt","dickens_weihnachts_1843.txt",1
"goethe_faust1.txt","fontane_wuthenow_1883.txt",10
"goethe_faust1.txt","goethe_werther.txt",9
"goethe_faust1.txt","goethe_faust2.txt",8
"goethe_faust1.txt","heiberg_charaktere_1901.txt",7
"goethe_faust1.txt","sapper_pfaffling_1907.txt",6
"goethe_faust1.txt","akunian_bittersuess_1891.txt",5
"goethe_faust1.txt","heiberg_grevinde_1898.txt",4
"goethe_faust1.txt","lasswitz_seife_1890.txt",3
"goethe_faust1.txt","walser_gehuelfe_1908.txt",2
"goethe_faust1.txt","bierbaum_stilpe_1897.txt",1
"dery_liebe_1896.txt","spyri_heidibrauchen_1881.txt",10
"dery_liebe_1896.txt","fontane_irrungen_1888.txt",9
"dery_liebe_1896.txt","goethe_faust2.txt",8
"dery_liebe_1896.txt","walser_geschwister_1907.txt",7
"dery_liebe_1896.txt","goethe_werther.txt",6
"dery_liebe_1896.txt","fontane_stechlin_1899.txt",5
"dery_liebe_1896.txt","goethe_wander.txt",4
"dery_liebe_1896.txt","goethe_wahlverwandtschaften.txt",3
"dery_liebe_1896.txt","goethe_faust1.txt",2
"dery_liebe_1896.txt","spyri_heidilehr_1880.txt",1
"raabe_stopfkuchen_1891.txt","raabe_akten_1896.txt",10
"raabe_stopfkuchen_1891.txt","fontane_reise_1894.txt",9
"raabe_stopfkuchen_1891.txt","dickens_copperfield_1111.txt",8
"raabe_stopfkuchen_1891.txt","brodkafka_samuel_1912.txt",7
"raabe_stopfkuchen_1891.txt","kafka_landarzt_1920.txt",6
"raabe_stopfkuchen_1891.txt","flaubert_november_1842.txt",5
"raabe_stopfkuchen_1891.txt","spyri_heidilehr_1880.txt",4
"raabe_stopfkuchen_1891.txt","andreas_fenitschka_1898.txt",3
"raabe_stopfkuchen_1891.txt","reventlow_dames_1913.txt",2
"raabe_stopfkuchen_1891.txt","goethe_werther.txt",1
"dostoevskij_verbrechen Kopie.txt","dostoevskij_verbrechen.txt",10
"dostoevskij_verbrechen Kopie.txt","kafka_schloss_1925.txt",9
"dostoevskij_verbrechen Kopie.txt","musil_toerless.txt",8
"dostoevskij_verbrechen Kopie.txt","dostoevskij_idiot.txt",7
"dostoevskij_verbrechen Kopie.txt","conradi_adam_1889.txt",6
"dostoevskij_verbrechen Kopie.txt","kafka_urteil_1913.txt",5
"dostoevskij_verbrechen Kopie.txt","kafka_prozess_1925.txt",4
"dostoevskij_verbrechen Kopie.txt","may_wuste_1892.txt",3
"dostoevskij_verbrechen Kopie.txt","may_kurdistan_1892.txt",2
"dostoevskij_verbrechen Kopie.txt","may_winnetou_1893.txt",1
"dostoevskij_idiot.txt","kafka_schloss_1925.txt",10
"dostoevskij_idiot.txt","kafka_urteil_1913.txt",9
"dostoevskij_idiot.txt","andreas_fenitschka_1898.txt",8
"dostoevskij_idiot.txt","may_wuste_1892.txt",7
"dostoevskij_idiot.txt","conradi_adam_1889.txt",6
"dostoevskij_idiot.txt","kafka_prozess_1925.txt",5
"dostoevskij_idiot.txt","may_kurdistan_1892.txt",4
"dostoevskij_idiot.txt","kafka_hungerkünstler_1924.txt",3
"dostoevskij_idiot.txt","may_winnetou_1893.txt",2
"dostoevskij_idiot.txt","akunian_fluegel_1895.txt",1
"dostoevskij_verbrechen Kopie.txt","dostoevskij_verbrechen.txt",10
"dostoevskij_verbrechen Kopie.txt","kafka_schloss_1925.txt",9
"dostoevskij_verbrechen Kopie.txt","musil_toerless.txt",8
"dostoevskij_verbrechen Kopie.txt","dostoevskij_idiot.txt",7
"dostoevskij_verbrechen Kopie.txt","conradi_adam_1889.txt",6
"dostoevskij_verbrechen Kopie.txt","kafka_urteil_1913.txt",5
"dostoevskij_verbrechen Kopie.txt","kafka_prozess_1925.txt",4
"dostoevskij_verbrechen Kopie.txt","may_wuste_1892.txt",3
"dostoevskij_verbrechen Kopie.txt","may_kurdistan_1892.txt",2
"dostoevskij_verbrechen Kopie.txt","may_winnetou_1893.txt",1
"tolstoy_anna1_1920.txt","sapper_dummerle_1905.txt",10
"tolstoy_anna1_1920.txt","bonsels_maja_1912.txt",9
"tolstoy_anna1_1920.txt","heiberg_charaktere_1901.txt",8
"tolstoy_anna1_1920.txt","heiberg_todsunden_1891.txt",7
"tolstoy_anna1_1920.txt","akunian_fluegel_1895.txt",6
"tolstoy_anna1_1920.txt","akunian_bittersuess_1891.txt",5
"tolstoy_anna1_1920.txt","sapper_pfaffling_1907.txt",4
"tolstoy_anna1_1920.txt","sapper_vater_1915.txt",3
"tolstoy_anna1_1920.txt","bierbaum_stilpe_1897.txt",2
"tolstoy_anna1_1920.txt","sturza_geluebde_1905.txt",1
"tolstoy_herr_1916.txt","kraft_medizinmann_1896.txt",10
"tolstoy_herr_1916.txt","storm_schimmelreiter_1888.txt",9
"tolstoy_herr_1916.txt","dickens_twist_1111.txt",8
"tolstoy_herr_1916.txt","hamsun_sklaven_1922.txt",7
"tolstoy_herr_1916.txt","schnitzler_traumnovelle_1926.txt",6
"tolstoy_herr_1916.txt","kafka_verwandlung_1915.txt",5
"tolstoy_herr_1916.txt","storm_riew_1885.txt",4
"tolstoy_herr_1916.txt","dickens_zwei_1859.txt",3
"tolstoy_herr_1916.txt","schreiner_halket_1898.txt",2
"tolstoy_herr_1916.txt","kafka_strafkolonie_1919.txt",1
"tolstoy_ehe_1921.txt","dickens_copperfield_1111.txt",10
"tolstoy_ehe_1921.txt","walser_jakob_1909.txt",9
"tolstoy_ehe_1921.txt","kafka_bau_1928.txt",8
"tolstoy_ehe_1921.txt","fontane_briest_1896.txt",7
"tolstoy_ehe_1921.txt","reventlow_dames_1913.txt",6
"tolstoy_ehe_1921.txt","raabe_stopfkuchen_1891.txt",5
"tolstoy_ehe_1921.txt","fontane_reise_1894.txt",4
"tolstoy_ehe_1921.txt","schnitzler_else_1924.txt",3
"tolstoy_ehe_1921.txt","raabe_akten_1896.txt",2
"tolstoy_ehe_1921.txt","may_winnetou_1893.txt",1
"raabe_odfeld_1889.txt","strindberg_inselbauern_1918.txt",10
"raabe_odfeld_1889.txt","schubin_etiquette_1887.txt",9
"raabe_odfeld_1889.txt","schubin_vollmondzauber02_1899.txt",8
"raabe_odfeld_1889.txt","walser_Schlacht_1908.txt",7
"raabe_odfeld_1889.txt","achleitner_bergrichters_1900.txt",6
"raabe_odfeld_1889.txt","hoffmann_nacht.txt",5
"raabe_odfeld_1889.txt","achleitner_celsissimus_1901.txt",4
"raabe_odfeld_1889.txt","hesse_Rad_1906.txt",3
"raabe_odfeld_1889.txt","storm_basch_1887.txt",2
"raabe_odfeld_1889.txt","grillparzer_kloster_1827.txt",1
"hesse_Rad_1906.txt","schubin_vollmondzauber02_1899.txt",10
"hesse_Rad_1906.txt","strindberg_magd_1921.txt",9
"hesse_Rad_1906.txt","dickens_zwei_1859.txt",8
"hesse_Rad_1906.txt","strindberg_inselbauern_1918.txt",7
"hesse_Rad_1906.txt","storm_schimmelreiter_1888.txt",6
"hesse_Rad_1906.txt","storm_basch_1887.txt",5
"hesse_Rad_1906.txt","mann_zauberberg_1924.txt",4
"hesse_Rad_1906.txt","schubin_vollmondzauber01_1899.txt",3
"hesse_Rad_1906.txt","wassermann_moloch_1902.txt",2
"hesse_Rad_1906.txt","kretzer_timpe_1888.txt",1
"fontane_reise_1894.txt","raabe_stopfkuchen_1891.txt",10
"fontane_reise_1894.txt","raabe_akten_1896.txt",9
"fontane_reise_1894.txt","dickens_copperfield_1111.txt",8
"fontane_reise_1894.txt","flaubert_november_1842.txt",7
"fontane_reise_1894.txt","brodkafka_samuel_1912.txt",6
"fontane_reise_1894.txt","walser_kleine_1914.txt",5
"fontane_reise_1894.txt","goethe_italiensche.txt",4
"fontane_reise_1894.txt","kafka_landarzt_1920.txt",3
"fontane_reise_1894.txt","goethe_wander.txt",2
"fontane_reise_1894.txt","goethe_werther.txt",1
"fontane_wuthenow_1883.txt","lasswitz_seife_1890.txt",10
"fontane_wuthenow_1883.txt","walser_gehuelfe_1908.txt",9
"fontane_wuthenow_1883.txt","bonsels_himmelsvolk_1915.txt",8
"fontane_wuthenow_1883.txt","heiberg_grevinde_1898.txt",7
"fontane_wuthenow_1883.txt","goethe_faust2.txt",6
"fontane_wuthenow_1883.txt","goethe_wander.txt",5
"fontane_wuthenow_1883.txt","goethe_lehr.txt",4
"fontane_wuthenow_1883.txt","altenberg_prodromos_1906.txt",3
"fontane_wuthenow_1883.txt","dickens_weihnachts_1843.txt",2
"fontane_wuthenow_1883.txt","goethe_faust1.txt",1
"fontane_briest_1896.txt","reventlow_dames_1913.txt",10
"fontane_briest_1896.txt","walser_jakob_1909.txt",9
"fontane_briest_1896.txt","fontane_stechlin_1899.txt",8
"fontane_briest_1896.txt","hesse_knulp_1915.txt",7
"fontane_briest_1896.txt","fontane_irrungen_1888.txt",6
"fontane_briest_1896.txt","spyri_heidilehr_1880.txt",5
"fontane_briest_1896.txt","walser_geschwister_1907.txt",4
"fontane_briest_1896.txt","andreas_fenitschka_1898.txt",3
"fontane_briest_1896.txt","goethe_werther.txt",2
"fontane_briest_1896.txt","may_winnetou_1893.txt",1
"fontane_irrungen_1888.txt","fontane_stechlin_1899.txt",10
"fontane_irrungen_1888.txt","walser_geschwister_1907.txt",9
"fontane_irrungen_1888.txt","hesse_knulp_1915.txt",8
"fontane_irrungen_1888.txt","goethe_werther.txt",7
"fontane_irrungen_1888.txt","fontane_briest_1896.txt",6
"fontane_irrungen_1888.txt","spyri_heidibrauchen_1881.txt",5
"fontane_irrungen_1888.txt","spyri_heidilehr_1880.txt",4
"fontane_irrungen_1888.txt","reventlow_dames_1913.txt",3
"fontane_irrungen_1888.txt","walser_prosastücke_1917.txt",2
"fontane_irrungen_1888.txt","sapper_pfaffling_1907.txt",1
"fontane_stechlin_1899.txt","fontane_irrungen_1888.txt",10
"fontane_stechlin_1899.txt","walser_geschwister_1907.txt",9
"fontane_stechlin_1899.txt","hesse_knulp_1915.txt",8
"fontane_stechlin_1899.txt","fontane_briest_1896.txt",7
"fontane_stechlin_1899.txt","goethe_werther.txt",6
"fontane_stechlin_1899.txt","reventlow_dames_1913.txt",5
"fontane_stechlin_1899.txt","spyri_heidilehr_1880.txt",4
"fontane_stechlin_1899.txt","spyri_heidibrauchen_1881.txt",3
"fontane_stechlin_1899.txt","sapper_pfaffling_1907.txt",2
"fontane_stechlin_1899.txt","walser_prosastücke_1917.txt",1
"kafka_strafkolonie_1919.txt","kraft_medizinmann_1896.txt",10
"kafka_strafkolonie_1919.txt","einstein_bebuquin_1912.txt",9
"kafka_strafkolonie_1919.txt","tolstoy_herr_1916.txt",8
"kafka_strafkolonie_1919.txt","storm_schimmelreiter_1888.txt",7
"kafka_strafkolonie_1919.txt","dickens_twist_1111.txt",6
"kafka_strafkolonie_1919.txt","wassermann_moloch_1902.txt",5
"kafka_strafkolonie_1919.txt","hesse_Rad_1906.txt",4
"kafka_strafkolonie_1919.txt","kafka_verwandlung_1915.txt",3
"kafka_strafkolonie_1919.txt","wassermann_vierzig_1913.txt",2
"kafka_strafkolonie_1919.txt","dickens_zwei_1859.txt",1
"kafka_amerika_1925.txt","kafka_prozess_1925.txt",10
"kafka_amerika_1925.txt","heiberg_todsunden_1891.txt",9
"kafka_amerika_1925.txt","storm_doppelgaenger_1887.txt",8
"kafka_amerika_1925.txt","storm_riew_1885.txt",7
"kafka_amerika_1925.txt","schnitzler_tanzerin_1905.txt",6
"kafka_amerika_1925.txt","akunian_bittersuess_1891.txt",5
"kafka_amerika_1925.txt","sapper_dummerle_1905.txt",4
"kafka_amerika_1925.txt","kafka_verwandlung_1915.txt",3
"kafka_amerika_1925.txt","heiberg_frau_1886.txt",2
"kafka_amerika_1925.txt","schnitzler_casanova_1918.txt",1
"kafka_landarzt_1920.txt","brod_stunde_1916.txt",10
"kafka_landarzt_1920.txt","kafka_betrachtung_1912.txt",9
"kafka_landarzt_1920.txt","brodkafka_samuel_1912.txt",8
"kafka_landarzt_1920.txt","raabe_akten_1896.txt",7
"kafka_landarzt_1920.txt","schnitzler_tanzerin_1905.txt",6
"kafka_landarzt_1920.txt","raabe_stopfkuchen_1891.txt",5
"kafka_landarzt_1920.txt","grillparzer_spielmann_1847.txt",4
"kafka_landarzt_1920.txt","storm_doppelgaenger_1887.txt",3
"kafka_landarzt_1920.txt","hagenauer_muspilli_1900.txt",2
"kafka_landarzt_1920.txt","fontane_reise_1894.txt",1
"kafka_urteil_1913.txt","dostoevskij_idiot.txt",10
"kafka_urteil_1913.txt","may_kurdistan_1892.txt",9
"kafka_urteil_1913.txt","conradi_adam_1889.txt",8
"kafka_urteil_1913.txt","kafka_schloss_1925.txt",7
"kafka_urteil_1913.txt","akunian_fluegel_1895.txt",6
"kafka_urteil_1913.txt","andreas_fenitschka_1898.txt",5
"kafka_urteil_1913.txt","akunian_bittersuess_1891.txt",4
"kafka_urteil_1913.txt","sapper_vater_1915.txt",3
"kafka_urteil_1913.txt","may_wuste_1892.txt",2
"kafka_urteil_1913.txt","kafka_prozess_1925.txt",1
"kafka_betrachtung_1912.txt","brod_stunde_1916.txt",10
"kafka_betrachtung_1912.txt","kafka_landarzt_1920.txt",9
"kafka_betrachtung_1912.txt","hagenauer_muspilli_1900.txt",8
"kafka_betrachtung_1912.txt","grillparzer_spielmann_1847.txt",7
"kafka_betrachtung_1912.txt","raabe_stopfkuchen_1891.txt",6
"kafka_betrachtung_1912.txt","kafka_kuebelreiter_1917.txt",5
"kafka_betrachtung_1912.txt","dickens_copperfield_1111.txt",4
"kafka_betrachtung_1912.txt","raabe_akten_1896.txt",3
"kafka_betrachtung_1912.txt","schnitzler_tanzerin_1905.txt",2
"kafka_betrachtung_1912.txt","storm_doppelgaenger_1887.txt",1
"kafka_bau_1928.txt","tolstoy_ehe_1921.txt",10
"kafka_bau_1928.txt","dickens_copperfield_1111.txt",9
"kafka_bau_1928.txt","fontane_reise_1894.txt",8
"kafka_bau_1928.txt","kafka_betrachtung_1912.txt",7
"kafka_bau_1928.txt","raabe_stopfkuchen_1891.txt",6
"kafka_bau_1928.txt","grillparzer_spielmann_1847.txt",5
"kafka_bau_1928.txt","walser_jakob_1909.txt",4
"kafka_bau_1928.txt","raabe_akten_1896.txt",3
"kafka_bau_1928.txt","kafka_landarzt_1920.txt",2
"kafka_bau_1928.txt","flaubert_november_1842.txt",1
"kafka_schloss_1925.txt","dostoevskij_idiot.txt",10
"kafka_schloss_1925.txt","kafka_urteil_1913.txt",9
"kafka_schloss_1925.txt","dostoevskij_verbrechen Kopie.txt",8
"kafka_schloss_1925.txt","dostoevskij_verbrechen.txt",7
"kafka_schloss_1925.txt","kafka_prozess_1925.txt",6
"kafka_schloss_1925.txt","kafka_hungerkünstler_1924.txt",5
"kafka_schloss_1925.txt","conradi_adam_1889.txt",4
"kafka_schloss_1925.txt","musil_toerless.txt",3
"kafka_schloss_1925.txt","may_wuste_1892.txt",2
"kafka_schloss_1925.txt","akunian_fluegel_1895.txt",1
"kafka_kuebelreiter_1917.txt","hagenauer_muspilli_1900.txt",10
"kafka_kuebelreiter_1917.txt","brod_stunde_1916.txt",9
"kafka_kuebelreiter_1917.txt","bonsels_indien_1916.txt",8
"kafka_kuebelreiter_1917.txt","grillparzer_spielmann_1847.txt",7
"kafka_kuebelreiter_1917.txt","kafka_landarzt_1920.txt",6
"kafka_kuebelreiter_1917.txt","hoffmann_nacht.txt",5
"kafka_kuebelreiter_1917.txt","kafka_betrachtung_1912.txt",4
"kafka_kuebelreiter_1917.txt","kraft_medizinmann_1896.txt",3
"kafka_kuebelreiter_1917.txt","hamsun_sklaven_1922.txt",2
"kafka_kuebelreiter_1917.txt","kafka_verwandlung_1915.txt",1
"kafka_verwandlung_1915.txt","tolstoy_herr_1916.txt",10
"kafka_verwandlung_1915.txt","kraft_medizinmann_1896.txt",9
"kafka_verwandlung_1915.txt","schnitzler_traumnovelle_1926.txt",8
"kafka_verwandlung_1915.txt","kafka_strafkolonie_1919.txt",7
"kafka_verwandlung_1915.txt","storm_schimmelreiter_1888.txt",6
"kafka_verwandlung_1915.txt","schreiner_halket_1898.txt",5
"kafka_verwandlung_1915.txt","hamsun_sklaven_1922.txt",4
"kafka_verwandlung_1915.txt","dickens_twist_1111.txt",3
"kafka_verwandlung_1915.txt","dickens_zwei_1859.txt",2
"kafka_verwandlung_1915.txt","storm_riew_1885.txt",1
"kafka_hungerkünstler_1924.txt","dostoevskij_idiot.txt",10
"kafka_hungerkünstler_1924.txt","kafka_schloss_1925.txt",9
"kafka_hungerkünstler_1924.txt","kafka_amerika_1925.txt",8
"kafka_hungerkünstler_1924.txt","andreas_fenitschka_1898.txt",7
"kafka_hungerkünstler_1924.txt","kafka_prozess_1925.txt",6
"kafka_hungerkünstler_1924.txt","kafka_urteil_1913.txt",5
"kafka_hungerkünstler_1924.txt","reventlow_dames_1913.txt",4
"kafka_hungerkünstler_1924.txt","sapper_dummerle_1905.txt",3
"kafka_hungerkünstler_1924.txt","tolstoy_anna1_1920.txt",2
"kafka_hungerkünstler_1924.txt","akunian_bittersuess_1891.txt",1
"kafka_prozess_1925.txt","conradi_adam_1889.txt",10
"kafka_prozess_1925.txt","kafka_amerika_1925.txt",9
"kafka_prozess_1925.txt","akunian_bittersuess_1891.txt",8
"kafka_prozess_1925.txt","heiberg_todsunden_1891.txt",7
"kafka_prozess_1925.txt","dostoevskij_idiot.txt",6
"kafka_prozess_1925.txt","musil_toerless.txt",5
"kafka_prozess_1925.txt","storm_doppelgaenger_1887.txt",4
"kafka_prozess_1925.txt","schreiner_halket_1898.txt",3
"kafka_prozess_1925.txt","schnitzler_tanzerin_1905.txt",2
"kafka_prozess_1925.txt","kafka_urteil_1913.txt",1
"grillparzer_kloster_1827.txt","hauptmann_bahnwaerter_1892.txt",10
"grillparzer_kloster_1827.txt","meyer_borgia_1891.txt",9
"grillparzer_kloster_1827.txt","doeblin_butterblume_1913.txt",8
"grillparzer_kloster_1827.txt","wassermann_spiegel_1911.txt",7
"grillparzer_kloster_1827.txt","meyer_monchs_1884.txt",6
"grillparzer_kloster_1827.txt","schubin_etiquette_1887.txt",5
"grillparzer_kloster_1827.txt","flaubert_schlichtes_1877.txt",4
"grillparzer_kloster_1827.txt","flaubert_herodias_1877.txt",3
"grillparzer_kloster_1827.txt","flaubert_salambo_1863.txt",2
"grillparzer_kloster_1827.txt","flaubert_legende_1877.txt",1
"grillparzer_spielmann_1847.txt","bonsels_indien_1916.txt",10
"grillparzer_spielmann_1847.txt","hagenauer_muspilli_1900.txt",9
"grillparzer_spielmann_1847.txt","kafka_landarzt_1920.txt",8
"grillparzer_spielmann_1847.txt","flaubert_november_1842.txt",7
"grillparzer_spielmann_1847.txt","kafka_betrachtung_1912.txt",6
"grillparzer_spielmann_1847.txt","brod_stunde_1916.txt",5
"grillparzer_spielmann_1847.txt","kafka_kuebelreiter_1917.txt",4
"grillparzer_spielmann_1847.txt","raabe_stopfkuchen_1891.txt",3
"grillparzer_spielmann_1847.txt","brodkafka_samuel_1912.txt",2
"grillparzer_spielmann_1847.txt","raabe_akten_1896.txt",1
"keller_sinngedicht_1882.txt","schnitzler_casanova_1918.txt",10
"keller_sinngedicht_1882.txt","heyking_erzaehlungen_1918.txt",9
"keller_sinngedicht_1882.txt","lasswitz_planeten01_1897.txt",8
"keller_sinngedicht_1882.txt","hoffmann_topf.txt",7
"keller_sinngedicht_1882.txt","kretzer_timpe_1888.txt",6
"keller_sinngedicht_1882.txt","lasswitz_seife_1890.txt",5
"keller_sinngedicht_1882.txt","musil_mann.txt",4
"keller_sinngedicht_1882.txt","bonsels_himmelsvolk_1915.txt",3
"keller_sinngedicht_1882.txt","mann_zauberberg_1924.txt",2
"keller_sinngedicht_1882.txt","meissner_prinzessin_1882.txt",1
"sapper_dummerle_1905.txt","bonsels_maja_1912.txt",10
"sapper_dummerle_1905.txt","tolstoy_anna1_1920.txt",9
"sapper_dummerle_1905.txt","sapper_pfaffling_1907.txt",8
"sapper_dummerle_1905.txt","akunian_bittersuess_1891.txt",7
"sapper_dummerle_1905.txt","heiberg_charaktere_1901.txt",6
"sapper_dummerle_1905.txt","sapper_vater_1915.txt",5
"sapper_dummerle_1905.txt","heiberg_todsunden_1891.txt",4
"sapper_dummerle_1905.txt","akunian_fluegel_1895.txt",3
"sapper_dummerle_1905.txt","dickens_weihnachts_1843.txt",2
"sapper_dummerle_1905.txt","bierbaum_stilpe_1897.txt",1
"akunian_fluegel_1895.txt","sapper_vater_1915.txt",10
"akunian_fluegel_1895.txt","akunian_bittersuess_1891.txt",9
"akunian_fluegel_1895.txt","hamsun_weiber_1922.txt",8
"akunian_fluegel_1895.txt","tolstoy_anna1_1920.txt",7
"akunian_fluegel_1895.txt","sturza_geluebde_1905.txt",6
"akunian_fluegel_1895.txt","sapper_dummerle_1905.txt",5
"akunian_fluegel_1895.txt","sapper_pfaffling_1907.txt",4
"akunian_fluegel_1895.txt","heiberg_charaktere_1901.txt",3
"akunian_fluegel_1895.txt","bonsels_maja_1912.txt",2
"akunian_fluegel_1895.txt","conradi_adam_1889.txt",1
"mann_venedig_1913.txt","achleitner_celsissimus_1901.txt",10
"mann_venedig_1913.txt","eschstruth_katz_1886.txt",9
"mann_venedig_1913.txt","schubin_vollmondzauber01_1899.txt",8
"mann_venedig_1913.txt","schubin_etiquette_1887.txt",7
"mann_venedig_1913.txt","raabe_odfeld_1889.txt",6
"mann_venedig_1913.txt","flaubert_schule_1870.txt",5
"mann_venedig_1913.txt","hoffmann_topf.txt",4
"mann_venedig_1913.txt","schubin_vollmondzauber02_1899.txt",3
"mann_venedig_1913.txt","flaubert_bovary_1857.txt",2
"mann_venedig_1913.txt","polenz_buettnerbauer_1895.txt",1
"mann_zauberberg_1924.txt","mann_tonio_1903.txt",10
"mann_zauberberg_1924.txt","kretzer_timpe_1888.txt",9
"mann_zauberberg_1924.txt","schubin_vollmondzauber01_1899.txt",8
"mann_zauberberg_1924.txt","mann_tristan_1903.txt",7
"mann_zauberberg_1924.txt","schnitzler_casanova_1918.txt",6
"mann_zauberberg_1924.txt","meyer_pescara_1887.txt",5
"mann_zauberberg_1924.txt","hesse_Rad_1906.txt",4
"mann_zauberberg_1924.txt","polenz_buettnerbauer_1895.txt",3
"mann_zauberberg_1924.txt","brod_beer_1912.txt",2
"mann_zauberberg_1924.txt","dickens_zwei_1859.txt",1
"mann_tristan_1903.txt","mann_tonio_1903.txt",10
"mann_tristan_1903.txt","mann_zauberberg_1924.txt",9
"mann_tristan_1903.txt","falke_durchschnitt_1892.txt",8
"mann_tristan_1903.txt","meyer_pescara_1887.txt",7
"mann_tristan_1903.txt","brod_beer_1912.txt",6
"mann_tristan_1903.txt","heiberg_frau_1886.txt",5
"mann_tristan_1903.txt","heiberg_grevinde_1898.txt",4
"mann_tristan_1903.txt","sapper_kriegsbuchlein_1914.txt",3
"mann_tristan_1903.txt","schubin_vollmondzauber01_1899.txt",2
"mann_tristan_1903.txt","keyserling_beatemareile_1903.txt",1
"mann_tonio_1903.txt","mann_tristan_1903.txt",10
"mann_tonio_1903.txt","mann_zauberberg_1924.txt",9
"mann_tonio_1903.txt","brod_beer_1912.txt",8
"mann_tonio_1903.txt","heiberg_grevinde_1898.txt",7
"mann_tonio_1903.txt","meyer_pescara_1887.txt",6
"mann_tonio_1903.txt","falke_durchschnitt_1892.txt",5
"mann_tonio_1903.txt","kretzer_timpe_1888.txt",4
"mann_tonio_1903.txt","heiberg_frau_1886.txt",3
"mann_tonio_1903.txt","sapper_kriegsbuchlein_1914.txt",2
"mann_tonio_1903.txt","flaubert_leidenschaft.txt",1
"einstein_bebuquin_1912.txt","grillparzer_kloster_1827.txt",10
"einstein_bebuquin_1912.txt","wassermann_spiegel_1911.txt",9
"einstein_bebuquin_1912.txt","meyer_borgia_1891.txt",8
"einstein_bebuquin_1912.txt","meyer_monchs_1884.txt",7
"einstein_bebuquin_1912.txt","kafka_strafkolonie_1919.txt",6
"einstein_bebuquin_1912.txt","doeblin_butterblume_1913.txt",5
"einstein_bebuquin_1912.txt","hauptmann_bahnwaerter_1892.txt",4
"einstein_bebuquin_1912.txt","schubin_vollmondzauber02_1899.txt",3
"einstein_bebuquin_1912.txt","schubin_etiquette_1887.txt",2
"einstein_bebuquin_1912.txt","wassermann_moloch_1902.txt",1
"heiberg_frau_1886.txt","heiberg_todsunden_1891.txt",10
"heiberg_frau_1886.txt","mann_tristan_1903.txt",9
"heiberg_frau_1886.txt","storm_riew_1885.txt",8
"heiberg_frau_1886.txt","mann_tonio_1903.txt",7
"heiberg_frau_1886.txt","dickens_zwei_1859.txt",6
"heiberg_frau_1886.txt","sapper_kriegsbuchlein_1914.txt",5
"heiberg_frau_1886.txt","heiberg_grevinde_1898.txt",4
"heiberg_frau_1886.txt","schnitzler_traumnovelle_1926.txt",3
"heiberg_frau_1886.txt","meyer_pescara_1887.txt",2
"heiberg_frau_1886.txt","brod_beer_1912.txt",1
"spyri_heidilehr_1880.txt","reventlow_dames_1913.txt",10
"spyri_heidilehr_1880.txt","hesse_knulp_1915.txt",9
"spyri_heidilehr_1880.txt","fontane_stechlin_1899.txt",8
"spyri_heidilehr_1880.txt","goethe_werther.txt",7
"spyri_heidilehr_1880.txt","fontane_irrungen_1888.txt",6
"spyri_heidilehr_1880.txt","spyri_heidibrauchen_1881.txt",5
"spyri_heidilehr_1880.txt","walser_geschwister_1907.txt",4
"spyri_heidilehr_1880.txt","fontane_briest_1896.txt",3
"spyri_heidilehr_1880.txt","andreas_fenitschka_1898.txt",2
"spyri_heidilehr_1880.txt","sapper_pfaffling_1907.txt",1
"preuschen_yoshiwara_1920.txt","walser_gehuelfe_1908.txt",10
"preuschen_yoshiwara_1920.txt","dickens_weihnachts_1843.txt",9
"preuschen_yoshiwara_1920.txt","falke_nebel_1899.txt",8
"preuschen_yoshiwara_1920.txt","bonsels_himmelsvolk_1915.txt",7
"preuschen_yoshiwara_1920.txt","altenberg_prodromos_1906.txt",6
"preuschen_yoshiwara_1920.txt","falke_durchschnitt_1892.txt",5
"preuschen_yoshiwara_1920.txt","heiberg_grevinde_1898.txt",4
"preuschen_yoshiwara_1920.txt","brod_beer_1912.txt",3
"preuschen_yoshiwara_1920.txt","goethe_wahlverwandtschaften.txt",2
"preuschen_yoshiwara_1920.txt","lasswitz_seife_1890.txt",1
"hauptmann_bahnwaerter_1892.txt","grillparzer_kloster_1827.txt",10
"hauptmann_bahnwaerter_1892.txt","meyer_borgia_1891.txt",9
"hauptmann_bahnwaerter_1892.txt","wassermann_spiegel_1911.txt",8
"hauptmann_bahnwaerter_1892.txt","flaubert_schlichtes_1877.txt",7
"hauptmann_bahnwaerter_1892.txt","meyer_monchs_1884.txt",6
"hauptmann_bahnwaerter_1892.txt","doeblin_butterblume_1913.txt",5
"hauptmann_bahnwaerter_1892.txt","schubin_etiquette_1887.txt",4
"hauptmann_bahnwaerter_1892.txt","flaubert_legende_1877.txt",3
"hauptmann_bahnwaerter_1892.txt","flaubert_herodias_1877.txt",2
"hauptmann_bahnwaerter_1892.txt","flaubert_bovary_1857.txt",1
"heiberg_grevinde_1898.txt","brod_beer_1912.txt",10
"heiberg_grevinde_1898.txt","sapper_kriegsbuchlein_1914.txt",9
"heiberg_grevinde_1898.txt","heiberg_todsunden_1891.txt",8
"heiberg_grevinde_1898.txt","walser_gehuelfe_1908.txt",7
"heiberg_grevinde_1898.txt","lasswitz_seife_1890.txt",6
"heiberg_grevinde_1898.txt","mann_tonio_1903.txt",5
"heiberg_grevinde_1898.txt","mann_tristan_1903.txt",4
"heiberg_grevinde_1898.txt","dickens_weihnachts_1843.txt",3
"heiberg_grevinde_1898.txt","heiberg_frau_1886.txt",2
"heiberg_grevinde_1898.txt","bonsels_himmelsvolk_1915.txt",1
"schubin_vollmondzauber01_1899.txt","polenz_buettnerbauer_1895.txt",10
"schubin_vollmondzauber01_1899.txt","kretzer_timpe_1888.txt",9
"schubin_vollmondzauber01_1899.txt","mann_zauberberg_1924.txt",8
"schubin_vollmondzauber01_1899.txt","keyserling_beatemareile_1903.txt",7
"schubin_vollmondzauber01_1899.txt","flaubert_schule_1870.txt",6
"schubin_vollmondzauber01_1899.txt","flaubert_bovary_1857.txt",5
"schubin_vollmondzauber01_1899.txt","schubin_vollmondzauber02_1899.txt",4
"schubin_vollmondzauber01_1899.txt","meyer_pescara_1887.txt",3
"schubin_vollmondzauber01_1899.txt","falke_durchschnitt_1892.txt",2
"schubin_vollmondzauber01_1899.txt","storm_basch_1887.txt",1
"walser_kleine_1914.txt","walser_spaziergang_1917.txt",10
"walser_kleine_1914.txt","goethe_wander.txt",9
"walser_kleine_1914.txt","goethe_italiensche.txt",8
"walser_kleine_1914.txt","fontane_reise_1894.txt",7
"walser_kleine_1914.txt","spyri_heidibrauchen_1881.txt",6
"walser_kleine_1914.txt","walser_geschwister_1907.txt",5
"walser_kleine_1914.txt","flaubert_november_1842.txt",4
"walser_kleine_1914.txt","goethe_werther.txt",3
"walser_kleine_1914.txt","fontane_wuthenow_1883.txt",2
"walser_kleine_1914.txt","walser_prosastücke_1917.txt",1
"walser_gehuelfe_1908.txt","dickens_weihnachts_1843.txt",10
"walser_gehuelfe_1908.txt","bonsels_himmelsvolk_1915.txt",9
"walser_gehuelfe_1908.txt","lasswitz_seife_1890.txt",8
"walser_gehuelfe_1908.txt","heiberg_grevinde_1898.txt",7
"walser_gehuelfe_1908.txt","fontane_wuthenow_1883.txt",6
"walser_gehuelfe_1908.txt","goethe_lehr.txt",5
"walser_gehuelfe_1908.txt","brod_beer_1912.txt",4
"walser_gehuelfe_1908.txt","preuschen_yoshiwara_1920.txt",3
"walser_gehuelfe_1908.txt","falke_nebel_1899.txt",2
"walser_gehuelfe_1908.txt","musil_mann.txt",1
"walser_geschwister_1907.txt","goethe_werther.txt",10
"walser_geschwister_1907.txt","fontane_irrungen_1888.txt",9
"walser_geschwister_1907.txt","fontane_stechlin_1899.txt",8
"walser_geschwister_1907.txt","spyri_heidibrauchen_1881.txt",7
"walser_geschwister_1907.txt","walser_prosastücke_1917.txt",6
"walser_geschwister_1907.txt","hesse_knulp_1915.txt",5
"walser_geschwister_1907.txt","spyri_heidilehr_1880.txt",4
"walser_geschwister_1907.txt","goethe_lehr.txt",3
"walser_geschwister_1907.txt","goethe_wahlverwandtschaften.txt",2
"walser_geschwister_1907.txt","reventlow_dames_1913.txt",1
"walser_prosastücke_1917.txt","goethe_lehr.txt",10
"walser_prosastücke_1917.txt","goethe_wahlverwandtschaften.txt",9
"walser_prosastücke_1917.txt","walser_geschwister_1907.txt",8
"walser_prosastücke_1917.txt","goethe_werther.txt",7
"walser_prosastücke_1917.txt","walser_gehuelfe_1908.txt",6
"walser_prosastücke_1917.txt","spyri_heidibrauchen_1881.txt",5
"walser_prosastücke_1917.txt","goethe_wander.txt",4
"walser_prosastücke_1917.txt","dickens_weihnachts_1843.txt",3
"walser_prosastücke_1917.txt","heiberg_charaktere_1901.txt",2
"walser_prosastücke_1917.txt","fontane_wuthenow_1883.txt",1
"walser_spaziergang_1917.txt","walser_kleine_1914.txt",10
"walser_spaziergang_1917.txt","goethe_wander.txt",9
"walser_spaziergang_1917.txt","goethe_italiensche.txt",8
"walser_spaziergang_1917.txt","spyri_heidibrauchen_1881.txt",7
"walser_spaziergang_1917.txt","walser_geschwister_1907.txt",6
"walser_spaziergang_1917.txt","walser_prosastücke_1917.txt",5
"walser_spaziergang_1917.txt","fontane_reise_1894.txt",4
"walser_spaziergang_1917.txt","goethe_werther.txt",3
"walser_spaziergang_1917.txt","goethe_wahlverwandtschaften.txt",2
"walser_spaziergang_1917.txt","fontane_wuthenow_1883.txt",1
"walser_Schlacht_1908.txt","hoffmann_nacht.txt",10
"walser_Schlacht_1908.txt","raabe_odfeld_1889.txt",9
"walser_Schlacht_1908.txt","strindberg_inselbauern_1918.txt",8
"walser_Schlacht_1908.txt","achleitner_bergrichters_1900.txt",7
"walser_Schlacht_1908.txt","achleitner_celsissimus_1901.txt",6
"walser_Schlacht_1908.txt","schubin_etiquette_1887.txt",5
"walser_Schlacht_1908.txt","achleitner_tann_1897.txt",4
"walser_Schlacht_1908.txt","schubin_vollmondzauber02_1899.txt",3
"walser_Schlacht_1908.txt","einstein_bebuquin_1912.txt",2
"walser_Schlacht_1908.txt","grillparzer_kloster_1827.txt",1
"walser_jakob_1909.txt","fontane_briest_1896.txt",10
"walser_jakob_1909.txt","reventlow_dames_1913.txt",9
"walser_jakob_1909.txt","fontane_stechlin_1899.txt",8
"walser_jakob_1909.txt","may_winnetou_1893.txt",7
"walser_jakob_1909.txt","schnitzler_else_1924.txt",6
"walser_jakob_1909.txt","hesse_knulp_1915.txt",5
"walser_jakob_1909.txt","fontane_irrungen_1888.txt",4
"walser_jakob_1909.txt","andreas_fenitschka_1898.txt",3
"walser_jakob_1909.txt","dickens_copperfield_1111.txt",2
"walser_jakob_1909.txt","tolstoy_ehe_1921.txt",1
"meissner_prinzessin_1882.txt","lasswitz_planeten01_1897.txt",10
"meissner_prinzessin_1882.txt","hamsun_sklaven_1922.txt",9
"meissner_prinzessin_1882.txt","schnitzler_casanova_1918.txt",8
"meissner_prinzessin_1882.txt","dickens_zwei_1859.txt",7
"meissner_prinzessin_1882.txt","heyking_erzaehlungen_1918.txt",6
"meissner_prinzessin_1882.txt","keller_sinngedicht_1882.txt",5
"meissner_prinzessin_1882.txt","strindberg_inselbauern_1918.txt",4
"meissner_prinzessin_1882.txt","brodkafka_samuel_1912.txt",3
"meissner_prinzessin_1882.txt","hoffmann_nacht.txt",2
"meissner_prinzessin_1882.txt","storm_basch_1887.txt",1
"flaubert_leidenschaft.txt","brod_beer_1912.txt",10
"flaubert_leidenschaft.txt","mann_tonio_1903.txt",9
"flaubert_leidenschaft.txt","mann_tristan_1903.txt",8
"flaubert_leidenschaft.txt","heiberg_grevinde_1898.txt",7
"flaubert_leidenschaft.txt","falke_durchschnitt_1892.txt",6
"flaubert_leidenschaft.txt","bonsels_himmelsvolk_1915.txt",5
"flaubert_leidenschaft.txt","mann_zauberberg_1924.txt",4
"flaubert_leidenschaft.txt","bonsels_maja_1912.txt",3
"flaubert_leidenschaft.txt","dickens_weihnachts_1843.txt",2
"flaubert_leidenschaft.txt","heiberg_todsunden_1891.txt",1
"flaubert_herodias_1877.txt","flaubert_legende_1877.txt",10
"flaubert_herodias_1877.txt","flaubert_schlichtes_1877.txt",9
"flaubert_herodias_1877.txt","flaubert_salambo_1863.txt",8
"flaubert_herodias_1877.txt","grillparzer_kloster_1827.txt",7
"flaubert_herodias_1877.txt","hauptmann_bahnwaerter_1892.txt",6
"flaubert_herodias_1877.txt","meyer_borgia_1891.txt",5
"flaubert_herodias_1877.txt","doeblin_butterblume_1913.txt",4
"flaubert_herodias_1877.txt","meyer_monchs_1884.txt",3
"flaubert_herodias_1877.txt","wassermann_spiegel_1911.txt",2
"flaubert_herodias_1877.txt","achleitner_tann_1897.txt",1
"flaubert_schlichtes_1877.txt","flaubert_legende_1877.txt",10
"flaubert_schlichtes_1877.txt","flaubert_herodias_1877.txt",9
"flaubert_schlichtes_1877.txt","hauptmann_bahnwaerter_1892.txt",8
"flaubert_schlichtes_1877.txt","grillparzer_kloster_1827.txt",7
"flaubert_schlichtes_1877.txt","doeblin_butterblume_1913.txt",6
"flaubert_schlichtes_1877.txt","meyer_borgia_1891.txt",5
"flaubert_schlichtes_1877.txt","wassermann_spiegel_1911.txt",4
"flaubert_schlichtes_1877.txt","meyer_monchs_1884.txt",3
"flaubert_schlichtes_1877.txt","flaubert_salambo_1863.txt",2
"flaubert_schlichtes_1877.txt","flaubert_bovary_1857.txt",1
"flaubert_legende_1877.txt","flaubert_schlichtes_1877.txt",10
"flaubert_legende_1877.txt","flaubert_herodias_1877.txt",9
"flaubert_legende_1877.txt","doeblin_butterblume_1913.txt",8
"flaubert_legende_1877.txt","hauptmann_bahnwaerter_1892.txt",7
"flaubert_legende_1877.txt","grillparzer_kloster_1827.txt",6
"flaubert_legende_1877.txt","flaubert_salambo_1863.txt",5
"flaubert_legende_1877.txt","wassermann_spiegel_1911.txt",4
"flaubert_legende_1877.txt","meyer_borgia_1891.txt",3
"flaubert_legende_1877.txt","meyer_monchs_1884.txt",2
"flaubert_legende_1877.txt","schubin_etiquette_1887.txt",1
"flaubert_bovary_1857.txt","flaubert_schule_1870.txt",10
"flaubert_bovary_1857.txt","schubin_vollmondzauber02_1899.txt",9
"flaubert_bovary_1857.txt","schubin_vollmondzauber01_1899.txt",8
"flaubert_bovary_1857.txt","schubin_etiquette_1887.txt",7
"flaubert_bovary_1857.txt","hauptmann_bahnwaerter_1892.txt",6
"flaubert_bovary_1857.txt","strindberg_magd_1921.txt",5
"flaubert_bovary_1857.txt","wassermann_moloch_1902.txt",4
"flaubert_bovary_1857.txt","meyer_borgia_1891.txt",3
"flaubert_bovary_1857.txt","hesse_Rad_1906.txt",2
"flaubert_bovary_1857.txt","keyserling_beatemareile_1903.txt",1
"flaubert_schule_1870.txt","flaubert_bovary_1857.txt",10
"flaubert_schule_1870.txt","schubin_vollmondzauber01_1899.txt",9
"flaubert_schule_1870.txt","schubin_vollmondzauber02_1899.txt",8
"flaubert_schule_1870.txt","meyer_pescara_1887.txt",7
"flaubert_schule_1870.txt","schubin_etiquette_1887.txt",6
"flaubert_schule_1870.txt","strindberg_magd_1921.txt",5
"flaubert_schule_1870.txt","keyserling_beatemareile_1903.txt",4
"flaubert_schule_1870.txt","wassermann_moloch_1902.txt",3
"flaubert_schule_1870.txt","polenz_buettnerbauer_1895.txt",2
"flaubert_schule_1870.txt","meyer_borgia_1891.txt",1
"flaubert_salambo_1863.txt","doeblin_butterblume_1913.txt",10
"flaubert_salambo_1863.txt","flaubert_herodias_1877.txt",9
"flaubert_salambo_1863.txt","grillparzer_kloster_1827.txt",8
"flaubert_salambo_1863.txt","flaubert_legende_1877.txt",7
"flaubert_salambo_1863.txt","achleitner_tann_1897.txt",6
"flaubert_salambo_1863.txt","hauptmann_bahnwaerter_1892.txt",5
"flaubert_salambo_1863.txt","flaubert_schlichtes_1877.txt",4
"flaubert_salambo_1863.txt","wassermann_spiegel_1911.txt",3
"flaubert_salambo_1863.txt","meyer_borgia_1891.txt",2
"flaubert_salambo_1863.txt","meyer_monchs_1884.txt",1
"flaubert_november_1842.txt","fontane_reise_1894.txt",10
"flaubert_november_1842.txt","goethe_italiensche.txt",9
"flaubert_november_1842.txt","brodkafka_samuel_1912.txt",8
"flaubert_november_1842.txt","raabe_akten_1896.txt",7
"flaubert_november_1842.txt","raabe_stopfkuchen_1891.txt",6
"flaubert_november_1842.txt","grillparzer_spielmann_1847.txt",5
"flaubert_november_1842.txt","bonsels_indien_1916.txt",4
"flaubert_november_1842.txt","walser_kleine_1914.txt",3
"flaubert_november_1842.txt","dickens_copperfield_1111.txt",2
"flaubert_november_1842.txt","kafka_landarzt_1920.txt",1
"lasswitz_planeten01_1897.txt","heyking_erzaehlungen_1918.txt",10
"lasswitz_planeten01_1897.txt","kretzer_timpe_1888.txt",9
"lasswitz_planeten01_1897.txt","meissner_prinzessin_1882.txt",8
"lasswitz_planeten01_1897.txt","keller_sinngedicht_1882.txt",7
"lasswitz_planeten01_1897.txt","schnitzler_casanova_1918.txt",6
"lasswitz_planeten01_1897.txt","lasswitz_seife_1890.txt",5
"lasswitz_planeten01_1897.txt","storm_basch_1887.txt",4
"lasswitz_planeten01_1897.txt","hoffmann_zaches.txt",3
"lasswitz_planeten01_1897.txt","hoffmann_topf.txt",2
"lasswitz_planeten01_1897.txt","schubin_vollmondzauber01_1899.txt",1
"raabe_akten_1896.txt","raabe_stopfkuchen_1891.txt",10
"raabe_akten_1896.txt","fontane_reise_1894.txt",9
"raabe_akten_1896.txt","brodkafka_samuel_1912.txt",8
"raabe_akten_1896.txt","dickens_copperfield_1111.txt",7
"raabe_akten_1896.txt","kafka_landarzt_1920.txt",6
"raabe_akten_1896.txt","flaubert_november_1842.txt",5
"raabe_akten_1896.txt","spyri_heidilehr_1880.txt",4
"raabe_akten_1896.txt","andreas_fenitschka_1898.txt",3
"raabe_akten_1896.txt","goethe_werther.txt",2
"raabe_akten_1896.txt","fontane_wuthenow_1883.txt",1
"reventlow_dames_1913.txt","fontane_briest_1896.txt",10
"reventlow_dames_1913.txt","hesse_knulp_1915.txt",9
"reventlow_dames_1913.txt","andreas_fenitschka_1898.txt",8
"reventlow_dames_1913.txt","fontane_stechlin_1899.txt",7
"reventlow_dames_1913.txt","spyri_heidilehr_1880.txt",6
"reventlow_dames_1913.txt","walser_jakob_1909.txt",5
"reventlow_dames_1913.txt","fontane_irrungen_1888.txt",4
"reventlow_dames_1913.txt","goethe_werther.txt",3
"reventlow_dames_1913.txt","walser_geschwister_1907.txt",2
"reventlow_dames_1913.txt","may_winnetou_1893.txt",1
"schnitzler_casanova_1918.txt","keller_sinngedicht_1882.txt",10
"schnitzler_casanova_1918.txt","kretzer_timpe_1888.txt",9
"schnitzler_casanova_1918.txt","dickens_zwei_1859.txt",8
"schnitzler_casanova_1918.txt","mann_zauberberg_1924.txt",7
"schnitzler_casanova_1918.txt","storm_basch_1887.txt",6
"schnitzler_casanova_1918.txt","hoffmann_topf.txt",5
"schnitzler_casanova_1918.txt","heiberg_grevinde_1898.txt",4
"schnitzler_casanova_1918.txt","brod_beer_1912.txt",3
"schnitzler_casanova_1918.txt","lasswitz_planeten01_1897.txt",2
"schnitzler_casanova_1918.txt","meissner_prinzessin_1882.txt",1
"schnitzler_else_1924.txt","walser_jakob_1909.txt",10
"schnitzler_else_1924.txt","fontane_briest_1896.txt",9
"schnitzler_else_1924.txt","may_winnetou_1893.txt",8
"schnitzler_else_1924.txt","reventlow_dames_1913.txt",7
"schnitzler_else_1924.txt","fontane_stechlin_1899.txt",6
"schnitzler_else_1924.txt","hesse_knulp_1915.txt",5
"schnitzler_else_1924.txt","tolstoy_ehe_1921.txt",4
"schnitzler_else_1924.txt","fontane_irrungen_1888.txt",3
"schnitzler_else_1924.txt","andreas_fenitschka_1898.txt",2
"schnitzler_else_1924.txt","dickens_copperfield_1111.txt",1
"schnitzler_traumnovelle_1926.txt","tolstoy_herr_1916.txt",10
"schnitzler_traumnovelle_1926.txt","schreiner_halket_1898.txt",9
"schnitzler_traumnovelle_1926.txt","storm_riew_1885.txt",8
"schnitzler_traumnovelle_1926.txt","kraft_medizinmann_1896.txt",7
"schnitzler_traumnovelle_1926.txt","dickens_twist_1111.txt",6
"schnitzler_traumnovelle_1926.txt","hamsun_sklaven_1922.txt",5
"schnitzler_traumnovelle_1926.txt","heiberg_frau_1886.txt",4
"schnitzler_traumnovelle_1926.txt","dickens_zwei_1859.txt",3
"schnitzler_traumnovelle_1926.txt","storm_doppelgaenger_1887.txt",2
"schnitzler_traumnovelle_1926.txt","storm_schimmelreiter_1888.txt",1
"schnitzler_tanzerin_1905.txt","storm_doppelgaenger_1887.txt",10
"schnitzler_tanzerin_1905.txt","storm_riew_1885.txt",9
"schnitzler_tanzerin_1905.txt","hamsun_sklaven_1922.txt",8
"schnitzler_tanzerin_1905.txt","schnitzler_traumnovelle_1926.txt",7
"schnitzler_tanzerin_1905.txt","kafka_amerika_1925.txt",6
"schnitzler_tanzerin_1905.txt","tolstoy_herr_1916.txt",5
"schnitzler_tanzerin_1905.txt","may_wuste_1892.txt",4
"schnitzler_tanzerin_1905.txt","kafka_prozess_1925.txt",3
"schnitzler_tanzerin_1905.txt","musil_toerless.txt",2
"schnitzler_tanzerin_1905.txt","kraft_medizinmann_1896.txt",1
"hoffmann_zaches.txt","altenberg_prodromos_1906.txt",10
"hoffmann_zaches.txt","heyking_erzaehlungen_1918.txt",9
"hoffmann_zaches.txt","hoffmann_topf.txt",8
"hoffmann_zaches.txt","goethe_farbenlehre.txt",7
"hoffmann_zaches.txt","lasswitz_seife_1890.txt",6
"hoffmann_zaches.txt","lasswitz_planeten01_1897.txt",5
"hoffmann_zaches.txt","bonsels_himmelsvolk_1915.txt",4
"hoffmann_zaches.txt","keller_sinngedicht_1882.txt",3
"hoffmann_zaches.txt","fontane_wuthenow_1883.txt",2
"hoffmann_zaches.txt","musil_mann.txt",1
"hoffmann_topf.txt","keller_sinngedicht_1882.txt",10
"hoffmann_topf.txt","heyking_erzaehlungen_1918.txt",9
"hoffmann_topf.txt","schnitzler_casanova_1918.txt",8
"hoffmann_topf.txt","hoffmann_zaches.txt",7
"hoffmann_topf.txt","mann_zauberberg_1924.txt",6
"hoffmann_topf.txt","kretzer_timpe_1888.txt",5
"hoffmann_topf.txt","lasswitz_planeten01_1897.txt",4
"hoffmann_topf.txt","storm_basch_1887.txt",3
"hoffmann_topf.txt","eschstruth_katz_1886.txt",2
"hoffmann_topf.txt","schubin_vollmondzauber01_1899.txt",1
"hoffmann_nacht.txt","walser_Schlacht_1908.txt",10
"hoffmann_nacht.txt","raabe_odfeld_1889.txt",9
"hoffmann_nacht.txt","strindberg_inselbauern_1918.txt",8
"hoffmann_nacht.txt","kraft_medizinmann_1896.txt",7
"hoffmann_nacht.txt","meissner_prinzessin_1882.txt",6
"hoffmann_nacht.txt","tolstoy_herr_1916.txt",5
"hoffmann_nacht.txt","hesse_Rad_1906.txt",4
"hoffmann_nacht.txt","dickens_zwei_1859.txt",3
"hoffmann_nacht.txt","schubin_vollmondzauber02_1899.txt",2
"hoffmann_nacht.txt","schubin_etiquette_1887.txt",1
"heiberg_charaktere_1901.txt","sapper_pfaffling_1907.txt",10
"heiberg_charaktere_1901.txt","tolstoy_anna1_1920.txt",9
"heiberg_charaktere_1901.txt","sturza_geluebde_1905.txt",8
"heiberg_charaktere_1901.txt","sapper_dummerle_1905.txt",7
"heiberg_charaktere_1901.txt","bonsels_maja_1912.txt",6
"heiberg_charaktere_1901.txt","akunian_fluegel_1895.txt",5
"heiberg_charaktere_1901.txt","bierbaum_stilpe_1897.txt",4
"heiberg_charaktere_1901.txt","heiberg_todsunden_1891.txt",3
"heiberg_charaktere_1901.txt","goethe_lehr.txt",2
"heiberg_charaktere_1901.txt","dickens_weihnachts_1843.txt",1
"storm_doppelgaenger_1887.txt","schnitzler_tanzerin_1905.txt",10
"storm_doppelgaenger_1887.txt","storm_riew_1885.txt",9
"storm_doppelgaenger_1887.txt","schnitzler_traumnovelle_1926.txt",8
"storm_doppelgaenger_1887.txt","kafka_amerika_1925.txt",7
"storm_doppelgaenger_1887.txt","hamsun_sklaven_1922.txt",6
"storm_doppelgaenger_1887.txt","tolstoy_herr_1916.txt",5
"storm_doppelgaenger_1887.txt","schreiner_halket_1898.txt",4
"storm_doppelgaenger_1887.txt","kafka_verwandlung_1915.txt",3
"storm_doppelgaenger_1887.txt","musil_toerless.txt",2
"storm_doppelgaenger_1887.txt","kafka_prozess_1925.txt",1
